song_names,total_time,write_transfer_time,read_transfer_time,dwt_kernel_time,genfpid_kernel_time
song11.wav,0.678730,0.179872,0.020511,0.140163,0.151128
song12_extra.wav,0.512841,0.105611,0.014534,0.101730,0.203110
song14_extra.wav,0.517749,0.114783,0.013801,0.100953,0.202342
song15_extra.wav,0.507711,0.107874,0.013988,0.093434,0.203231
song16_extra.wav,0.519109,0.124167,0.017023,0.114596,0.156449
song17_extra.wav,0.483736,0.124742,0.017624,0.076871,0.157115
song18_extra.wav,0.520860,0.124592,0.017165,0.114822,0.156751
song19_extra.wav,0.582815,0.140797,0.019449,0.127433,0.168934
song20_extra.wav,0.592449,0.135929,0.019882,0.127154,0.169290
song21_extra.wav,0.593032,0.133167,0.019866,0.127181,0.174888
song22_extra.wav,0.568009,0.132385,0.019613,0.126868,0.166060
song23_extra.wav,0.582067,0.139633,0.019574,0.127063,0.169018
song24_extra.wav,0.573926,0.132155,0.019333,0.127791,0.168191
song26_extra.wav,0.592794,0.132031,0.019483,0.138447,0.168383
song27_extra.wav,0.591306,0.134025,0.019886,0.128118,0.176083
song28_extra.wav,0.578353,0.132596,0.019542,0.127240,0.169541
song44_extra.wav,0.583409,0.139268,0.019252,0.127817,0.168880
song45_extra.wav,0.579387,0.141271,0.019079,0.127184,0.167140
song46_extra.wav,0.562725,0.133816,0.019594,0.101015,0.169048
song47_extra.wav,0.582093,0.132549,0.019684,0.126944,0.174404
song49_extra.wav,0.588449,0.133180,0.019311,0.128081,0.168596
song4_extra.wav,0.581431,0.134506,0.019054,0.127513,0.167782
song50_extra.wav,0.599014,0.148813,0.019182,0.127640,0.169441
song51_extra.wav,0.593022,0.133118,0.019723,0.141608,0.167435
song52_extra.wav,0.533166,0.113623,0.014705,0.105004,0.206713
song53_extra.wav,0.486157,0.119326,0.014961,0.104304,0.155209
song54_extra.wav,0.477386,0.112307,0.014642,0.104760,0.148757
song56_extra.wav,0.527800,0.117734,0.011602,0.118588,0.192948
song57_extra.wav,0.462645,0.094681,0.011394,0.092297,0.192847
song58_extra.wav,0.456631,0.099546,0.011417,0.092288,0.186737
song59_extra.wav,0.418324,0.094867,0.011362,0.092529,0.150752
song5_extra.wav,0.441316,0.094651,0.011345,0.070247,0.192839
song60_extra.wav,0.440297,0.083971,0.010522,0.101358,0.185280
song61_extra.wav,0.426996,0.084044,0.011782,0.084309,0.185998
song63_extra.wav,0.406727,0.083881,0.009865,0.084358,0.168303
song64_extra.wav,0.375846,0.083741,0.009645,0.084569,0.140147
song65_extra.wav,0.421056,0.083555,0.011517,0.084474,0.185922
song66_extra.wav,0.424089,0.083718,0.009845,0.093519,0.180551
song67_extra.wav,0.392398,0.076984,0.009890,0.079047,0.180567
song68_extra.wav,0.394977,0.077435,0.009772,0.078825,0.180567
song69_extra.wav,0.401850,0.077456,0.010196,0.079081,0.180464
song70_extra.wav,0.397962,0.077193,0.009976,0.083125,0.180726
song71_extra.wav,0.390022,0.077221,0.009962,0.079338,0.176122
song72_extra.wav,0.390238,0.078807,0.008608,0.078303,0.177098
song73_extra.wav,0.375295,0.072992,0.008610,0.075439,0.177046
song74_extra.wav,0.378387,0.078028,0.008610,0.075286,0.176980
song75_extra.wav,0.370335,0.073230,0.008780,0.075773,0.167584
song76_extra.wav,0.374820,0.073129,0.008731,0.075456,0.177067
song78_extra.wav,0.377817,0.073633,0.008782,0.075540,0.177018
song79_extra.wav,0.379175,0.073303,0.008724,0.075462,0.177190
song7_extra.wav,0.319207,0.069392,0.007957,0.072925,0.134267
song80_extra.wav,0.359942,0.070125,0.007984,0.072787,0.174478
song81_extra.wav,0.361099,0.070194,0.007809,0.072728,0.174584
song82_extra.wav,0.351369,0.069939,0.007936,0.072819,0.163281
song83_extra.wav,0.362335,0.070034,0.007792,0.072844,0.174397
song85_extra.wav,0.368912,0.076106,0.007732,0.072608,0.174469
song86_extra.wav,0.363061,0.070193,0.007946,0.072927,0.176799
song87_extra.wav,0.356439,0.070056,0.007313,0.072384,0.172397
song88_extra.wav,0.350827,0.068162,0.007338,0.070629,0.172414
song89_extra.wav,0.318422,0.069559,0.007288,0.070802,0.137975
song8_extra.wav,0.354237,0.067709,0.007316,0.070861,0.172406
song90_extra.wav,0.351917,0.067737,0.007323,0.070693,0.172426
song92_extra.wav,0.352469,0.067069,0.010084,0.070961,0.172370
song93_extra.wav,0.349907,0.067680,0.007288,0.070773,0.172407
song94_extra.wav,0.355438,0.073147,0.007259,0.070694,0.172364
song95_extra.wav,0.357358,0.065969,0.006852,0.069251,0.170754
song96_extra.wav,0.345219,0.066393,0.006891,0.069161,0.170857
song97_extra.wav,0.345147,0.066255,0.006866,0.069052,0.170792
song98_extra.wav,0.342778,0.065918,0.006850,0.069232,0.170772
song9_extra.wav,0.341362,0.065991,0.006911,0.068958,0.170837
song0.wav,0.342011,0.066846,0.006999,0.069187,0.168071
song10.wav,0.343768,0.065856,0.006874,0.069203,0.170889
song111.wav,0.346754,0.066509,0.006854,0.071770,0.170704
song113.wav,0.350747,0.078154,0.006508,0.067690,0.169489
song115.wav,0.340370,0.069663,0.006535,0.067711,0.169427
song117.wav,0.322646,0.065630,0.006645,0.067744,0.154291
song119.wav,0.342786,0.070007,0.006497,0.067983,0.169530
song120.wav,0.338591,0.063838,0.006641,0.067743,0.169668
song105_extra.wav,0.338126,0.065370,0.006526,0.067907,0.169476
song106_extra.wav,0.335818,0.064336,0.006528,0.067769,0.169483
song107_extra.wav,0.342061,0.070542,0.006413,0.067918,0.169569
song109_extra.wav,0.337219,0.064306,0.006547,0.067745,0.169428
song10_extra.wav,0.293373,0.063231,0.006322,0.066797,0.131117
song11_extra.wav,0.331723,0.063483,0.006314,0.066618,0.168561
song1_extra.wav,0.333096,0.064294,0.006295,0.066619,0.168433
song0_extra.wav,0.331825,0.063310,0.006357,0.066812,0.168481
song100_extra.wav,0.336230,0.067192,0.006323,0.066742,0.168432
song101_extra.wav,0.331857,0.063694,0.006345,0.066877,0.168326
song102_extra.wav,0.332028,0.063527,0.006282,0.066804,0.168473
song103_extra.wav,0.331708,0.064006,0.006323,0.066725,0.168414
song104_extra.wav,0.332227,0.063636,0.006265,0.066808,0.169535
song108_extra.wav,0.344032,0.064284,0.006404,0.066737,0.180473
song13_extra.wav,0.330478,0.063754,0.006240,0.066786,0.168521
song25_extra.wav,0.334006,0.063623,0.006329,0.066643,0.168497
song29_extra.wav,0.332499,0.063523,0.006337,0.066800,0.168478
song2_extra.wav,0.332462,0.063715,0.006279,0.066718,0.168387
song30_extra.wav,0.332487,0.063787,0.006250,0.066779,0.168486
song31_extra.wav,0.333791,0.063412,0.006289,0.066680,0.168493
song32_extra.wav,0.323848,0.063649,0.006315,0.066878,0.159610
song33_extra.wav,0.331827,0.063680,0.006350,0.066810,0.168524
song34_extra.wav,0.328259,0.063654,0.006273,0.061149,0.168714
song35_extra.wav,0.331174,0.063153,0.006313,0.066735,0.168490
song36_extra.wav,0.337909,0.067297,0.006342,0.066775,0.168354
song37_extra.wav,0.332628,0.063621,0.006297,0.066830,0.168407
song38_extra.wav,0.333266,0.063768,0.006509,0.066869,0.168603
song39_extra.wav,0.334688,0.063543,0.006380,0.066832,0.168415
song3_extra.wav,0.333363,0.064245,0.006268,0.066845,0.168481
song40_extra.wav,0.323635,0.064878,0.006343,0.066810,0.156493
song41_extra.wav,0.332946,0.063620,0.006309,0.066966,0.168438
song42_extra.wav,0.333144,0.063980,0.006471,0.066557,0.168398
song43_extra.wav,0.333160,0.063930,0.006301,0.066764,0.168498
song48_extra.wav,0.332544,0.063138,0.006247,0.066664,0.168525
song55_extra.wav,0.333968,0.063824,0.006577,0.066889,0.168552
song62_extra.wav,0.334569,0.063561,0.006325,0.066677,0.168484
song6_extra.wav,0.305790,0.064017,0.006332,0.066734,0.141525
song77_extra.wav,0.333060,0.063886,0.006308,0.066726,0.168369
song84_extra.wav,0.332628,0.069637,0.006270,0.061167,0.168513
song91_extra.wav,0.333928,0.064156,0.006404,0.066659,0.168407
song99_extra.wav,0.335938,0.066104,0.006305,0.066879,0.168387
song110.wav,0.332126,0.063694,0.006301,0.066723,0.168362
song112.wav,0.332561,0.063853,0.006287,0.066676,0.168415
song114.wav,0.335231,0.063889,0.006446,0.066737,0.168328
song116.wav,0.334329,0.063633,0.006319,0.066879,0.168351
song118.wav,0.330536,0.064394,0.006458,0.066666,0.165121
song121.wav,0.332779,0.063996,0.006324,0.066844,0.168379
song122.wav,0.334617,0.063359,0.006287,0.068755,0.168320
song123.wav,0.332870,0.063974,0.006268,0.066835,0.168571
song124.wav,0.332802,0.063720,0.006649,0.066508,0.168445
song125.wav,0.335441,0.063827,0.006552,0.066909,0.168413
song126.wav,0.333665,0.063695,0.006374,0.066694,0.168598
song127.wav,0.336075,0.063338,0.006345,0.066909,0.169833
song128.wav,0.331630,0.063204,0.006315,0.066734,0.168447
song129.wav,0.331725,0.063740,0.006267,0.064473,0.168608
song12.wav,0.336697,0.063962,0.006336,0.066906,0.168539
song130.wav,0.335379,0.066018,0.006445,0.066635,0.168366
song131.wav,0.332523,0.063163,0.006422,0.066791,0.168419
song132.wav,0.331329,0.062907,0.006355,0.066683,0.168355
song133.wav,0.332917,0.063674,0.006268,0.066723,0.168353
song134.wav,0.336121,0.063175,0.006265,0.069956,0.168500
song135.wav,0.309835,0.064006,0.006320,0.066642,0.142602
song136.wav,0.332753,0.063336,0.006276,0.066813,0.168506
song137.wav,0.334176,0.063381,0.006327,0.068756,0.168404
song138.wav,0.333184,0.063579,0.006264,0.066758,0.168412
song139.wav,0.334295,0.063504,0.006295,0.066638,0.168504
song13.wav,0.333831,0.062845,0.006331,0.066860,0.168437
song140.wav,0.333459,0.063618,0.006321,0.066650,0.168397
song141.wav,0.342996,0.063693,0.006258,0.066823,0.178095
song142.wav,0.333481,0.063534,0.006364,0.066709,0.168404
song143.wav,0.343923,0.063317,0.006295,0.059660,0.186385
song144.wav,0.336287,0.063707,0.006282,0.066858,0.168373
song145.wav,0.364978,0.063018,0.006288,0.066700,0.168405
song146.wav,0.332076,0.062943,0.006283,0.066689,0.168460
song147.wav,0.333194,0.063137,0.006304,0.066794,0.168469
song148.wav,0.340822,0.063628,0.006338,0.066791,0.175781
song149.wav,0.334224,0.063769,0.006290,0.066881,0.168744
song14.wav,0.321870,0.064955,0.006358,0.052219,0.168607
song150.wav,0.341448,0.070549,0.006324,0.066773,0.168311
song151.wav,0.335355,0.063815,0.006300,0.066555,0.168348
song152.wav,0.334129,0.063917,0.006316,0.066793,0.168432
song153.wav,0.334623,0.063614,0.006300,0.066630,0.168418
song154.wav,0.333774,0.063215,0.006358,0.066841,0.167179
song155.wav,0.333600,0.063429,0.006340,0.066825,0.168318
song156.wav,0.314736,0.066222,0.006373,0.066841,0.145612
song157.wav,0.333257,0.063343,0.006319,0.066682,0.168326
song158.wav,0.335166,0.062825,0.006314,0.068808,0.168515
song159.wav,0.335561,0.063755,0.006314,0.066717,0.168712
song15.wav,0.334631,0.063506,0.006294,0.066781,0.168415
song160.wav,0.335726,0.063500,0.006293,0.066774,0.168438
song161.wav,0.335619,0.064151,0.006290,0.066743,0.168737
song162.wav,0.321194,0.068847,0.006322,0.066766,0.150038
song163.wav,0.335034,0.063056,0.006225,0.066797,0.168392
song164.wav,0.329753,0.064761,0.006363,0.060737,0.168932
song165.wav,0.333703,0.063202,0.006312,0.066734,0.168492
song166.wav,0.337395,0.063241,0.006295,0.066557,0.168401
song167.wav,0.333834,0.063382,0.006355,0.066591,0.168469
song168.wav,0.333601,0.063442,0.006258,0.066640,0.168332
song169.wav,0.339209,0.063509,0.010044,0.066730,0.168427
song16.wav,0.333834,0.063213,0.006287,0.066672,0.168496
song170.wav,0.331231,0.063395,0.006302,0.066719,0.165819
song171.wav,0.334420,0.062792,0.006289,0.066737,0.168500
song172.wav,0.336247,0.063242,0.006607,0.068646,0.168527
song173.wav,0.335148,0.063741,0.006293,0.066738,0.168355
song174.wav,0.334289,0.063446,0.006308,0.066579,0.168487
song175.wav,0.333856,0.062914,0.006285,0.066657,0.168465
song176.wav,0.335081,0.063099,0.006310,0.066597,0.168438
song177.wav,0.335924,0.063767,0.006314,0.066690,0.169662
song178.wav,0.336915,0.063601,0.006297,0.066788,0.168452
song179.wav,0.334035,0.064665,0.006332,0.065500,0.168519
song17.wav,0.334197,0.063055,0.006330,0.066826,0.168426
song180.wav,0.336685,0.065862,0.006254,0.066541,0.168417
song181.wav,0.336964,0.063324,0.006294,0.066907,0.168417
song182.wav,0.336770,0.063437,0.006613,0.066588,0.168778
song183.wav,0.335267,0.063521,0.006342,0.066857,0.168460
song184.wav,0.337258,0.063822,0.009367,0.066637,0.168479
song185.wav,0.309458,0.063998,0.006320,0.066672,0.141869
song186.wav,0.335295,0.063111,0.006285,0.066673,0.169653
song187.wav,0.336901,0.063157,0.006341,0.068134,0.168503
song188.wav,0.336196,0.063275,0.006294,0.066768,0.168433
song189.wav,0.338994,0.067504,0.006338,0.066692,0.168728
song18.wav,0.333541,0.062452,0.006322,0.066629,0.168379
song190.wav,0.333499,0.063054,0.006302,0.066813,0.168446
song191.wav,0.338542,0.063459,0.006413,0.066671,0.168413
song192.wav,0.336698,0.063690,0.006270,0.066823,0.168397
song193.wav,0.323609,0.070624,0.006379,0.066728,0.148362
song194.wav,0.335127,0.063599,0.006313,0.066762,0.168539
song195.wav,0.336762,0.063783,0.006323,0.066661,0.168482
song196.wav,0.335692,0.063613,0.006326,0.066884,0.168443
song197.wav,0.337138,0.062875,0.006302,0.066524,0.168600
song198.wav,0.334444,0.062674,0.006322,0.066767,0.168434
song199.wav,0.336183,0.063673,0.006315,0.066574,0.168401
song19.wav,0.334714,0.063247,0.006282,0.066732,0.168418
song1.wav,0.335185,0.063354,0.006537,0.066711,0.168461
song200.wav,0.303797,0.063734,0.006317,0.066857,0.137111
song201.wav,0.337274,0.063626,0.006311,0.066815,0.168478
song202.wav,0.333380,0.063890,0.006353,0.064277,0.168561
song203.wav,0.335443,0.063557,0.006277,0.066673,0.168460
song204.wav,0.336387,0.064565,0.006283,0.066670,0.168500
song205.wav,0.335625,0.063727,0.006294,0.066685,0.168384
song206.wav,0.336765,0.063352,0.006301,0.066608,0.168529
song207.wav,0.336395,0.064467,0.006288,0.066691,0.168448
song208.wav,0.336999,0.063835,0.006340,0.066775,0.168481
song209.wav,0.336623,0.063137,0.006336,0.066755,0.168769
song20.wav,0.336435,0.063515,0.006303,0.066893,0.168397
song210.wav,0.342473,0.063491,0.006335,0.071052,0.168361
song211.wav,0.336527,0.063289,0.006336,0.066835,0.168437
song212.wav,0.336359,0.063493,0.006360,0.066638,0.168434
song213.wav,0.336862,0.063415,0.006353,0.066870,0.168499
song214.wav,0.336605,0.063711,0.006284,0.066596,0.168399
song215.wav,0.308139,0.063636,0.006300,0.066894,0.138238
song216.wav,0.336784,0.063471,0.006293,0.066806,0.168505
song217.wav,0.323661,0.063402,0.006341,0.066883,0.154707
song218.wav,0.336592,0.063484,0.006311,0.066801,0.168432
song219.wav,0.339187,0.063542,0.006273,0.069003,0.168508
song21.wav,0.343951,0.070703,0.006293,0.066755,0.168482
song220.wav,0.338679,0.063609,0.006258,0.066683,0.168422
song221.wav,0.344157,0.069705,0.006278,0.066764,0.168428
song222.wav,0.336993,0.063875,0.006295,0.066927,0.168382
song223.wav,0.338483,0.063506,0.006460,0.066878,0.169696
song224.wav,0.337756,0.063655,0.006267,0.066794,0.168556
song225.wav,0.355584,0.064084,0.006321,0.065212,0.186226
song226.wav,0.336057,0.063319,0.006297,0.066800,0.168408
song227.wav,0.340497,0.066777,0.006302,0.066494,0.168531
song228.wav,0.335774,0.063968,0.006248,0.066792,0.168454
song229.wav,0.336079,0.063796,0.006245,0.066533,0.168518
song22.wav,0.337648,0.063639,0.006367,0.066828,0.168343
song230.wav,0.337742,0.063907,0.006268,0.066712,0.168426
song231.wav,0.304845,0.063798,0.006252,0.066790,0.136380
song232.wav,0.336773,0.063287,0.006301,0.066551,0.168406
song233.wav,0.337414,0.063310,0.006325,0.068191,0.168586
song234.wav,0.335689,0.063649,0.006290,0.066695,0.168422
song235.wav,0.339643,0.065721,0.006306,0.066541,0.168470
song236.wav,0.339524,0.064258,0.006501,0.066852,0.168568
song237.wav,0.339480,0.064161,0.006420,0.066699,0.168497
song238.wav,0.336322,0.063563,0.006406,0.066826,0.166608
song239.wav,0.337509,0.063949,0.006299,0.066848,0.168484
song23.wav,0.323979,0.063503,0.006329,0.066852,0.153686
song240.wav,0.338026,0.063713,0.006301,0.066877,0.168375
song241.wav,0.359017,0.062827,0.006293,0.084488,0.168517
song242.wav,0.338868,0.063868,0.006285,0.066944,0.168458
song243.wav,0.338680,0.062962,0.006315,0.066592,0.168443
song244.wav,0.337379,0.063725,0.006310,0.066844,0.168432
song245.wav,0.338721,0.063692,0.006574,0.066648,0.168514
song246.wav,0.326955,0.063242,0.006446,0.066937,0.156913
song247.wav,0.339261,0.063517,0.006293,0.066724,0.168556
song248.wav,0.330309,0.063230,0.006280,0.059731,0.168498
song249.wav,0.337182,0.063673,0.006295,0.066741,0.168389
song24.wav,0.341781,0.066850,0.006274,0.066686,0.168448
song250.wav,0.346595,0.071701,0.006299,0.066902,0.168368
song251.wav,0.338251,0.063267,0.006287,0.066768,0.168460
song252.wav,0.346914,0.069375,0.008422,0.066839,0.168525
song253.wav,0.338473,0.063116,0.006269,0.066855,0.168431
song254.wav,0.342632,0.063437,0.006280,0.066702,0.173711
song255.wav,0.337317,0.063371,0.006268,0.066882,0.168410
song256.wav,0.347170,0.063298,0.006259,0.075542,0.168415
song257.wav,0.338414,0.063995,0.006298,0.066889,0.168480
song258.wav,0.339586,0.063395,0.006329,0.066619,0.168496
song259.wav,0.337341,0.063223,0.006269,0.066871,0.168554
song25.wav,0.337102,0.063382,0.006306,0.066565,0.168408
song260.wav,0.326945,0.063802,0.006393,0.066896,0.156114
song261.wav,0.344691,0.070006,0.006303,0.066783,0.168433
song262.wav,0.310944,0.063133,0.006264,0.066801,0.138737
song263.wav,0.304782,0.063017,0.006449,0.070518,0.131611
song264.wav,0.380120,0.104063,0.006269,0.066811,0.168591
song265.wav,0.337814,0.063848,0.006292,0.066753,0.168613
song266.wav,0.338636,0.063158,0.006348,0.066718,0.168396
song267.wav,0.331351,0.063090,0.006371,0.066914,0.161111
song268.wav,0.341171,0.063966,0.006246,0.066776,0.168562
song269.wav,0.325892,0.062942,0.006520,0.066588,0.156538
song26.wav,0.338208,0.063509,0.006291,0.066899,0.168499
song270.wav,0.342605,0.063959,0.006313,0.069755,0.168431
song271.wav,0.336965,0.062760,0.006280,0.066870,0.168482
song272.wav,0.339725,0.063583,0.006338,0.066614,0.168380
song273.wav,0.339738,0.063609,0.007228,0.066823,0.168368
song274.wav,0.336762,0.063290,0.006309,0.066498,0.168450
song275.wav,0.341378,0.063455,0.006427,0.066747,0.170501
song276.wav,0.339659,0.063233,0.006401,0.066950,0.168418
song277.wav,0.325284,0.063715,0.006355,0.066898,0.152502
song278.wav,0.339089,0.063418,0.006286,0.066626,0.168472
song279.wav,0.341609,0.063124,0.006299,0.071082,0.168449
song27.wav,0.339080,0.064547,0.006296,0.066686,0.168577
song280.wav,0.337973,0.063220,0.006337,0.066686,0.168487
song281.wav,0.342366,0.063119,0.006650,0.066769,0.168437
song282.wav,0.338683,0.064021,0.006295,0.066642,0.168545
song283.wav,0.303834,0.068654,0.006298,0.066877,0.127241
song284.wav,0.337742,0.063492,0.006401,0.066850,0.168534
song285.wav,0.331813,0.063169,0.006353,0.066793,0.162177
song286.wav,0.338997,0.062543,0.006667,0.066997,0.168524
song287.wav,0.342732,0.062864,0.006307,0.069090,0.168445
song288.wav,0.339910,0.063913,0.006269,0.066927,0.168492
song289.wav,0.339563,0.063316,0.006287,0.066616,0.168449
song28.wav,0.338538,0.063199,0.006466,0.066840,0.168422
song290.wav,0.340159,0.063637,0.006313,0.066576,0.168445
song291.wav,0.314275,0.063616,0.006336,0.066966,0.141257
song292.wav,0.340126,0.064163,0.006296,0.066775,0.168521
song293.wav,0.338290,0.069038,0.007258,0.058460,0.168454
song294.wav,0.340267,0.063698,0.006283,0.066711,0.168436
song295.wav,0.369213,0.093342,0.006273,0.066779,0.168505
song296.wav,0.340799,0.064083,0.006273,0.066835,0.168461
song297.wav,0.339681,0.063227,0.006280,0.066792,0.168604
song298.wav,0.337210,0.063457,0.006283,0.066831,0.165366
song299.wav,0.339947,0.062966,0.006283,0.066859,0.168481
song29.wav,0.332555,0.063760,0.006656,0.066673,0.162097
song2.wav,0.338485,0.063425,0.006355,0.066812,0.168421
song300.wav,0.341692,0.063184,0.006314,0.068508,0.168556
song301.wav,0.340618,0.064038,0.006289,0.066826,0.168419
song302.wav,0.340072,0.063284,0.006614,0.066529,0.168437
song303.wav,0.339889,0.063069,0.006266,0.066705,0.168449
song304.wav,0.339706,0.063482,0.006307,0.066616,0.168473
song305.wav,0.330658,0.063612,0.006300,0.066844,0.158067
song306.wav,0.340399,0.063486,0.006294,0.066870,0.168454
song307.wav,0.334909,0.063746,0.007322,0.061401,0.168463
song308.wav,0.340814,0.063937,0.006342,0.066754,0.168446
song309.wav,0.343362,0.066587,0.006320,0.066729,0.168547
song30.wav,0.341299,0.063524,0.006357,0.066765,0.168347
song310.wav,0.340078,0.063604,0.006285,0.066739,0.168485
song311.wav,0.342961,0.063754,0.006376,0.066722,0.170183
song312.wav,0.340515,0.063445,0.006306,0.066741,0.168443
song313.wav,0.331274,0.067872,0.006593,0.066646,0.153073
song314.wav,0.342090,0.063796,0.006322,0.066841,0.168393
song315.wav,0.342053,0.063628,0.006351,0.066754,0.168420
song316.wav,0.339986,0.063425,0.006298,0.066991,0.168424
song317.wav,0.340799,0.063774,0.006358,0.066602,0.168476
song318.wav,0.340962,0.063621,0.006306,0.066845,0.168419
song319.wav,0.341467,0.063559,0.006335,0.066576,0.168552
song31.wav,0.332793,0.063916,0.006412,0.066943,0.158189
song320.wav,0.339536,0.062962,0.006304,0.066650,0.168538
song321.wav,0.336142,0.064568,0.007472,0.060578,0.168744
song322.wav,0.339378,0.063358,0.006333,0.066654,0.168466
song323.wav,0.343673,0.066212,0.006471,0.066646,0.168429
song324.wav,0.342476,0.063167,0.006283,0.066740,0.168430
song325.wav,0.347355,0.070971,0.006305,0.066705,0.168465
song326.wav,0.342813,0.063306,0.008017,0.066767,0.168432
song327.wav,0.344261,0.068329,0.006307,0.066761,0.168431
song328.wav,0.336975,0.062874,0.006405,0.066652,0.165626
song329.wav,0.343784,0.063101,0.006330,0.066786,0.168597
song32.wav,0.342180,0.063145,0.006354,0.068949,0.168466
song330.wav,0.341556,0.063644,0.006267,0.066801,0.168531
song331.wav,0.341647,0.063267,0.006322,0.066632,0.168396
song332.wav,0.341182,0.063542,0.006352,0.066986,0.168440
song333.wav,0.340599,0.063778,0.006314,0.066589,0.168395
song334.wav,0.308094,0.063555,0.006422,0.066925,0.131887
song335.wav,0.339703,0.062774,0.006317,0.066713,0.168530
song336.wav,0.329862,0.063612,0.007384,0.066779,0.155341
song337.wav,0.340077,0.063097,0.006340,0.066766,0.168311
song338.wav,0.345058,0.064155,0.006290,0.067242,0.168398
song339.wav,0.342305,0.063581,0.006321,0.066704,0.168384
song33.wav,0.343262,0.063867,0.006292,0.066811,0.168408
song340.wav,0.342222,0.063848,0.006310,0.066798,0.168524
song341.wav,0.341831,0.063300,0.006303,0.066805,0.168492
song342.wav,0.328910,0.064117,0.006472,0.066768,0.154393
song343.wav,0.343214,0.063182,0.006372,0.066813,0.168428
song344.wav,0.331491,0.062536,0.006306,0.057673,0.168695
song345.wav,0.340356,0.063111,0.006445,0.066845,0.168459
song346.wav,0.366290,0.088986,0.006276,0.066510,0.168469
song347.wav,0.340299,0.062956,0.006244,0.066731,0.168432
song348.wav,0.343592,0.063637,0.006295,0.066645,0.168428
song349.wav,0.329186,0.063226,0.006311,0.066819,0.156768
song34.wav,0.341415,0.062995,0.006319,0.066828,0.168462
song350.wav,0.321788,0.063076,0.007624,0.066703,0.148074
song351.wav,0.340594,0.063378,0.006283,0.066678,0.168439
song352.wav,0.345313,0.066243,0.006337,0.066689,0.168478
song353.wav,0.343921,0.063395,0.006342,0.066760,0.168531
song354.wav,0.342913,0.063758,0.006556,0.066723,0.168526
song355.wav,0.342785,0.063462,0.006369,0.066724,0.168721
song356.wav,0.342115,0.063276,0.006299,0.066655,0.168407
song357.wav,0.322026,0.063360,0.006376,0.066728,0.146747
song358.wav,0.349075,0.069135,0.006324,0.066856,0.168448
song359.wav,0.326757,0.063402,0.006300,0.051239,0.168718
song35.wav,0.344390,0.063109,0.006295,0.066843,0.168479
song360.wav,0.344122,0.066061,0.006338,0.066530,0.168347
song361.wav,0.343276,0.063396,0.006271,0.066939,0.168408
song362.wav,0.343734,0.063338,0.006277,0.066713,0.168518
song363.wav,0.345461,0.063516,0.006373,0.066752,0.170245
song364.wav,0.343607,0.063350,0.006276,0.066753,0.168506
song365.wav,0.329105,0.063486,0.007320,0.066786,0.151314
song366.wav,0.342638,0.063389,0.006294,0.066728,0.168434
song367.wav,0.367014,0.066481,0.006487,0.084473,0.168406
song368.wav,0.344018,0.063521,0.006319,0.066773,0.168456
song369.wav,0.350532,0.071556,0.006401,0.066727,0.168444
song36.wav,0.344236,0.063863,0.006329,0.066794,0.168416
song370.wav,0.344582,0.063438,0.006290,0.066818,0.168429
song371.wav,0.311689,0.068815,0.006365,0.066736,0.131227
song372.wav,0.342439,0.063333,0.006574,0.066764,0.168554
song373.wav,0.342995,0.063325,0.006386,0.067021,0.168542
song374.wav,0.342496,0.063420,0.006295,0.066740,0.168430
song375.wav,0.370411,0.088634,0.006313,0.066483,0.168456
song376.wav,0.344398,0.063852,0.006284,0.066829,0.168473
song377.wav,0.343036,0.063442,0.006296,0.066689,0.168416
song378.wav,0.300926,0.062638,0.006284,0.066713,0.128364
song379.wav,0.343676,0.063511,0.006316,0.066647,0.168416
song37.wav,0.323213,0.063282,0.007501,0.066915,0.146663
song380.wav,0.345171,0.063779,0.006286,0.066904,0.168392
song381.wav,0.345812,0.064023,0.006355,0.066769,0.168554
song382.wav,0.341698,0.063517,0.006330,0.066629,0.168463
song383.wav,0.343923,0.063687,0.006324,0.066734,0.168416
song384.wav,0.343240,0.063142,0.006308,0.066701,0.168468
song385.wav,0.343253,0.062979,0.006264,0.066741,0.168623
song386.wav,0.341370,0.063237,0.006357,0.066707,0.165601
song387.wav,0.345486,0.063049,0.006583,0.066878,0.168493
song388.wav,0.343256,0.063707,0.006365,0.066628,0.168561
song389.wav,0.344073,0.063451,0.006355,0.066860,0.168471
song38.wav,0.343160,0.063248,0.006277,0.066639,0.168439
song390.wav,0.344013,0.063730,0.006273,0.066838,0.168449
song391.wav,0.346077,0.063917,0.006311,0.066720,0.168486
song392.wav,0.309150,0.063469,0.006322,0.066897,0.133280
song393.wav,0.341936,0.063195,0.006376,0.066643,0.168536
song394.wav,0.339262,0.066932,0.007359,0.057075,0.168487
song395.wav,0.344418,0.063188,0.006451,0.066804,0.168404
song396.wav,0.352082,0.062386,0.006288,0.066743,0.168460
song397.wav,0.344313,0.063359,0.006295,0.066860,0.168470
song398.wav,0.344266,0.063118,0.006287,0.066893,0.168440
song399.wav,0.322673,0.063935,0.006378,0.066815,0.146622
song39.wav,0.343725,0.062841,0.006287,0.066901,0.168599
song3.wav,0.319060,0.062828,0.006697,0.066860,0.142942
song400.wav,0.345747,0.062958,0.006445,0.066858,0.168874
song401.wav,0.344813,0.063275,0.006597,0.066659,0.168477
song402.wav,0.343043,0.062474,0.006308,0.066951,0.168500
song403.wav,0.345798,0.063411,0.006333,0.066598,0.168399
song404.wav,0.344582,0.063484,0.006229,0.066756,0.168569
song405.wav,0.350873,0.068309,0.006352,0.066631,0.168417
song406.wav,0.319397,0.063433,0.006318,0.066839,0.144338
song407.wav,0.344638,0.063232,0.006366,0.066809,0.168509
song408.wav,0.336591,0.063186,0.007507,0.058488,0.168496
song409.wav,0.344542,0.063740,0.006317,0.066837,0.168413
song40.wav,0.348289,0.062644,0.006290,0.066736,0.168379
song410.wav,0.346252,0.063220,0.006293,0.066702,0.168434
song411.wav,0.343295,0.063014,0.006333,0.066618,0.168447
song412.wav,0.342836,0.063803,0.006343,0.066770,0.165391
song413.wav,0.345163,0.063465,0.006301,0.066837,0.168432
song414.wav,0.321707,0.064074,0.006364,0.066683,0.145040
song415.wav,0.345343,0.063243,0.006335,0.066914,0.168661
song416.wav,0.345411,0.062703,0.006504,0.066669,0.168425
song417.wav,0.343552,0.063018,0.006337,0.066745,0.168390
song418.wav,0.345721,0.064056,0.006336,0.066663,0.168414
song419.wav,0.346132,0.063944,0.006354,0.066939,0.168555
song41.wav,0.343487,0.062793,0.006365,0.066688,0.168446
song420.wav,0.319767,0.063042,0.006384,0.066915,0.142424
song421.wav,0.345906,0.063549,0.006614,0.066724,0.168543
song422.wav,0.334262,0.064047,0.007349,0.053538,0.168679
song423.wav,0.345786,0.063217,0.006677,0.066804,0.168487
song424.wav,0.351302,0.062898,0.006366,0.066682,0.168505
song425.wav,0.345754,0.063441,0.006264,0.066789,0.168511
song426.wav,0.345706,0.063025,0.006309,0.066717,0.168449
song427.wav,0.340867,0.063425,0.006365,0.066723,0.162841
song428.wav,0.343994,0.063090,0.006315,0.066699,0.168417
song429.wav,0.329324,0.063304,0.006343,0.066587,0.151829
song42.wav,0.344312,0.063143,0.006692,0.066734,0.168460
song430.wav,0.346348,0.063182,0.006289,0.068704,0.168354
song431.wav,0.345969,0.063153,0.006306,0.066895,0.168558
song432.wav,0.345645,0.063211,0.006397,0.066638,0.168436
song433.wav,0.344830,0.063554,0.006303,0.066815,0.168443
song434.wav,0.349286,0.065565,0.007381,0.066686,0.168504
song435.wav,0.350275,0.063052,0.006328,0.066952,0.173795
song436.wav,0.346147,0.063377,0.006278,0.066883,0.168476
song437.wav,0.347849,0.065030,0.007340,0.066740,0.168416
song438.wav,0.347407,0.064077,0.006351,0.066772,0.168700
song439.wav,0.346418,0.063699,0.006293,0.066708,0.168435
song43.wav,0.348051,0.063113,0.006357,0.066896,0.168529
song440.wav,0.345662,0.063265,0.006308,0.066853,0.168411
song441.wav,0.334914,0.063809,0.006361,0.066736,0.154029
song442.wav,0.345339,0.063055,0.006304,0.066875,0.168482
song443.wav,0.352124,0.068341,0.006300,0.066713,0.168467
song444.wav,0.345690,0.062700,0.006343,0.066957,0.168482
song445.wav,0.351206,0.069686,0.006336,0.066584,0.168449
song446.wav,0.345340,0.063396,0.006369,0.066826,0.168328
song447.wav,0.346156,0.063282,0.006286,0.066683,0.168572
song448.wav,0.324579,0.063119,0.006308,0.066781,0.146557
song449.wav,0.345516,0.063412,0.006309,0.066734,0.168379
song44.wav,0.326214,0.062973,0.006239,0.048133,0.168539
song450.wav,0.346306,0.063061,0.006354,0.066748,0.168402
song451.wav,0.352362,0.063400,0.007322,0.066781,0.168518
song452.wav,0.346322,0.062949,0.006294,0.066773,0.168468
song453.wav,0.346328,0.063706,0.006306,0.066713,0.168430
song454.wav,0.319205,0.063488,0.006362,0.066691,0.141439
song455.wav,0.352381,0.068595,0.006289,0.066895,0.168470
song456.wav,0.319290,0.062854,0.006370,0.066659,0.141357
song457.wav,0.346888,0.063104,0.006298,0.066831,0.168491
song458.wav,0.348610,0.063135,0.006290,0.066706,0.168526
song459.wav,0.344650,0.063209,0.006269,0.066820,0.168564
song45.wav,0.345753,0.063324,0.006325,0.066529,0.168357
song460.wav,0.346808,0.063100,0.006265,0.066932,0.168401
song461.wav,0.348248,0.064116,0.006474,0.066811,0.168361
song462.wav,0.315301,0.062752,0.006330,0.066773,0.135541
song463.wav,0.347280,0.063000,0.006277,0.066934,0.168496
song464.wav,0.326385,0.063381,0.006263,0.047962,0.168548
song465.wav,0.344976,0.063035,0.006297,0.066627,0.168490
song466.wav,0.350595,0.065128,0.007409,0.066766,0.168501
song467.wav,0.350969,0.063704,0.006608,0.066708,0.168437
song468.wav,0.347065,0.062831,0.006313,0.066670,0.168417
song469.wav,0.331494,0.063624,0.006376,0.066775,0.151703
song46.wav,0.347247,0.063673,0.006329,0.066932,0.168467
song470.wav,0.306975,0.063348,0.006350,0.066781,0.128258
song471.wav,0.349212,0.063096,0.006277,0.066916,0.168474
song472.wav,0.346177,0.062946,0.006417,0.066738,0.168514
song473.wav,0.347699,0.063117,0.006235,0.066777,0.168465
song474.wav,0.348150,0.063418,0.006315,0.066745,0.168446
song475.wav,0.346835,0.063059,0.006291,0.066789,0.168506
song476.wav,0.350843,0.063029,0.006402,0.066958,0.168422
song477.wav,0.312335,0.064143,0.006305,0.069269,0.129325
song478.wav,0.346814,0.063264,0.006310,0.066741,0.168439
song479.wav,0.328930,0.063491,0.006248,0.048732,0.168545
song47.wav,0.347176,0.063137,0.006385,0.066704,0.168501
song480.wav,0.354950,0.063654,0.007401,0.066733,0.168477
song481.wav,0.349611,0.063658,0.006343,0.066754,0.168500
song482.wav,0.348091,0.063088,0.006249,0.066796,0.168410
song483.wav,0.311745,0.062906,0.006414,0.066787,0.131945
song484.wav,0.348187,0.063080,0.006308,0.066984,0.168476
song485.wav,0.304485,0.062908,0.006327,0.066628,0.124686
song486.wav,0.347018,0.063302,0.006315,0.066780,0.168380
song487.wav,0.349745,0.063012,0.006340,0.066828,0.168555
song488.wav,0.347650,0.063790,0.006294,0.066891,0.168477
song489.wav,0.346575,0.062860,0.006271,0.066615,0.168402
song48.wav,0.353744,0.070088,0.006260,0.066792,0.168478
song490.wav,0.347195,0.063480,0.006254,0.066653,0.168336
song491.wav,0.363342,0.069846,0.006304,0.066859,0.175062
song492.wav,0.347673,0.063146,0.006398,0.066791,0.168434
song493.wav,0.354469,0.068621,0.006299,0.066721,0.168394
song494.wav,0.347102,0.063086,0.006259,0.066772,0.168386
song495.wav,0.351348,0.063248,0.007331,0.066714,0.168367
song496.wav,0.346861,0.062916,0.006309,0.066727,0.168371
song497.wav,0.350329,0.063638,0.006350,0.066855,0.168451
song498.wav,0.350801,0.063271,0.006296,0.066757,0.169976
song499.wav,0.348085,0.063315,0.006259,0.066862,0.168454
song49.wav,0.350169,0.064358,0.006277,0.066441,0.168528
song4.wav,0.347307,0.063398,0.006263,0.066737,0.168451
song500.wav,0.349165,0.063709,0.006350,0.066658,0.168473
song501.wav,0.347954,0.062540,0.006299,0.066761,0.168386
song502.wav,0.347298,0.062985,0.006339,0.066580,0.168395
song503.wav,0.315683,0.063244,0.006238,0.066809,0.134832
song504.wav,0.353495,0.069670,0.006326,0.066807,0.168398
song505.wav,0.329982,0.063781,0.006315,0.046988,0.168493
song506.wav,0.353450,0.068624,0.006261,0.066789,0.168489
song507.wav,0.351452,0.062573,0.006236,0.066685,0.168374
song508.wav,0.347885,0.063136,0.006280,0.066733,0.168623
song509.wav,0.351325,0.063078,0.007195,0.066741,0.168578
song50.wav,0.345401,0.062395,0.023804,0.066749,0.147249
song510.wav,0.348935,0.062917,0.006276,0.066957,0.168519
song511.wav,0.344731,0.063305,0.006308,0.061969,0.168580
song512.wav,0.350232,0.064024,0.006311,0.066799,0.168467
song513.wav,0.354294,0.063430,0.006278,0.066562,0.168492
song514.wav,0.347636,0.063162,0.006251,0.066928,0.168503
song515.wav,0.348963,0.063388,0.006332,0.066598,0.168907
song516.wav,0.331355,0.063113,0.006593,0.066788,0.151208
song517.wav,0.351665,0.063298,0.006540,0.066822,0.168444
song518.wav,0.313269,0.063323,0.006696,0.066798,0.129805
song519.wav,0.349433,0.062794,0.006354,0.066741,0.168446
song51.wav,0.348716,0.062704,0.006336,0.066755,0.168475
song520.wav,0.349508,0.063599,0.006606,0.066812,0.168449
song521.wav,0.350313,0.063552,0.006398,0.066764,0.168459
song522.wav,0.351338,0.063647,0.006274,0.066802,0.168475
song523.wav,0.352137,0.063498,0.007579,0.066947,0.168383
song524.wav,0.334390,0.063983,0.006350,0.066730,0.151848
song525.wav,0.349887,0.063381,0.006308,0.067070,0.168440
song526.wav,0.348400,0.063020,0.006322,0.066496,0.168390
song527.wav,0.350942,0.062468,0.006286,0.066914,0.168451
song528.wav,0.350267,0.063458,0.006335,0.066681,0.168371
song529.wav,0.349177,0.063166,0.006312,0.066857,0.168518
song52.wav,0.350866,0.063903,0.006276,0.066786,0.168399
song530.wav,0.346690,0.062834,0.006270,0.066867,0.167085
song531.wav,0.349780,0.062926,0.006302,0.066719,0.168392
song532.wav,0.354797,0.063544,0.006325,0.066813,0.169664
song533.wav,0.350676,0.063170,0.006316,0.066844,0.168533
song534.wav,0.350002,0.063641,0.006668,0.066779,0.168453
song535.wav,0.351255,0.063688,0.006360,0.066829,0.168429
song536.wav,0.351097,0.063938,0.006300,0.066825,0.168528
song537.wav,0.339978,0.063281,0.006325,0.066732,0.156400
song538.wav,0.352215,0.063022,0.007280,0.066856,0.168427
song539.wav,0.351007,0.063526,0.006335,0.066760,0.168421
song53.wav,0.350796,0.063155,0.006229,0.066892,0.168495
song540.wav,0.349505,0.063330,0.006461,0.066666,0.168474
song541.wav,0.350695,0.063887,0.006314,0.066861,0.168419
song542.wav,0.353738,0.063176,0.006331,0.066802,0.168334
song543.wav,0.315017,0.063232,0.006382,0.066895,0.132281
song544.wav,0.350938,0.062522,0.006320,0.066868,0.168577
song545.wav,0.350899,0.062908,0.006306,0.066785,0.168550
song546.wav,0.350735,0.062853,0.006334,0.066776,0.168421
song547.wav,0.350466,0.063485,0.006264,0.066572,0.168377
song548.wav,0.355688,0.063279,0.006705,0.066822,0.168450
song549.wav,0.351183,0.063333,0.006308,0.066881,0.168395
song54.wav,0.316235,0.062872,0.006310,0.066675,0.134351
song550.wav,0.352201,0.063501,0.006275,0.066860,0.168401
song551.wav,0.353530,0.063287,0.006364,0.066749,0.168458
song552.wav,0.351728,0.063317,0.007386,0.066813,0.168431
song553.wav,0.354672,0.065881,0.006264,0.066683,0.168414
song554.wav,0.351908,0.063462,0.006266,0.066919,0.168460
song555.wav,0.351845,0.063474,0.006330,0.066785,0.168380
song556.wav,0.332985,0.062915,0.006399,0.066808,0.150980
song557.wav,0.350197,0.063357,0.006309,0.066714,0.168418
song558.wav,0.351009,0.063323,0.006283,0.066798,0.168442
song559.wav,0.352187,0.063428,0.006274,0.066706,0.168377
song55.wav,0.352275,0.063524,0.006277,0.066758,0.168489
song560.wav,0.352173,0.063517,0.006340,0.066817,0.168441
song561.wav,0.354017,0.063873,0.006387,0.066878,0.168432
song562.wav,0.329462,0.064104,0.006387,0.066717,0.146067
song563.wav,0.351945,0.062669,0.006253,0.066811,0.168403
song564.wav,0.352194,0.063334,0.006299,0.066521,0.168665
song565.wav,0.350554,0.063028,0.006314,0.066837,0.168488
song566.wav,0.353912,0.063612,0.006320,0.066727,0.168451
song567.wav,0.357529,0.064032,0.007610,0.066902,0.168603
song568.wav,0.352030,0.062885,0.006329,0.066757,0.168440
song569.wav,0.313081,0.063710,0.006287,0.066827,0.129862
song56.wav,0.352337,0.063147,0.006295,0.066863,0.168503
song570.wav,0.354185,0.063300,0.006500,0.066891,0.168418
song571.wav,0.352453,0.063394,0.006289,0.066668,0.168406
song572.wav,0.350681,0.062774,0.006336,0.066719,0.168388
song573.wav,0.354158,0.063628,0.006340,0.066768,0.168348
song574.wav,0.357994,0.069384,0.006286,0.066895,0.168418
song575.wav,0.324155,0.064038,0.006317,0.066809,0.139096
song576.wav,0.352737,0.062795,0.006320,0.066800,0.168531
song577.wav,0.353455,0.063704,0.006352,0.066712,0.168463
song578.wav,0.354250,0.063420,0.006334,0.066944,0.169387
song579.wav,0.354136,0.062986,0.006394,0.066670,0.168450
song57.wav,0.352765,0.063839,0.006325,0.066828,0.168478
song580.wav,0.355098,0.063851,0.006315,0.066821,0.168548
song581.wav,0.329262,0.063420,0.007282,0.066799,0.143422
song582.wav,0.352934,0.063276,0.006275,0.066733,0.168479
song583.wav,0.351333,0.063008,0.006270,0.066690,0.168434
song584.wav,0.353473,0.062993,0.006258,0.066720,0.168365
song585.wav,0.353645,0.063489,0.006421,0.066739,0.168380
song586.wav,0.354203,0.063144,0.009399,0.066760,0.168402
song587.wav,0.353445,0.063487,0.006294,0.066861,0.168407
song588.wav,0.316644,0.063813,0.006287,0.066849,0.130958
song589.wav,0.353198,0.063295,0.006260,0.066900,0.168477
song58.wav,0.357648,0.062834,0.006328,0.066615,0.168440
song590.wav,0.352187,0.062981,0.006262,0.066903,0.168459
song591.wav,0.352661,0.062920,0.006299,0.066697,0.168398
song592.wav,0.350719,0.062642,0.006353,0.066936,0.165792
song593.wav,0.359371,0.070179,0.006628,0.066767,0.168344
song594.wav,0.358845,0.063119,0.006330,0.066909,0.173357
song595.wav,0.358421,0.069149,0.006289,0.066793,0.168428
song596.wav,0.356710,0.062747,0.007295,0.066682,0.168440
song597.wav,0.358705,0.069726,0.006606,0.066792,0.168407
song598.wav,0.352632,0.063420,0.006259,0.066622,0.168509
song599.wav,0.315540,0.063341,0.006323,0.066652,0.131058
song59.wav,0.353577,0.062409,0.006260,0.066694,0.168428
song5.wav,0.319173,0.063256,0.006399,0.066739,0.134512
song600.wav,0.352726,0.062980,0.006272,0.066780,0.168473
song601.wav,0.351538,0.063132,0.006362,0.066487,0.168403
song602.wav,0.353080,0.063439,0.006525,0.066952,0.168359
song603.wav,0.356460,0.063608,0.006543,0.066693,0.168465
song604.wav,0.354961,0.063485,0.006786,0.066932,0.168391
song605.wav,0.352648,0.063174,0.006257,0.066799,0.168421
song606.wav,0.356740,0.063394,0.006326,0.066824,0.168605
song607.wav,0.352297,0.063077,0.006637,0.066793,0.168436
song608.wav,0.357042,0.062775,0.006359,0.066662,0.168334
song609.wav,0.353962,0.062867,0.006316,0.066720,0.168445
song60.wav,0.354596,0.063661,0.007459,0.066689,0.168407
song610.wav,0.363449,0.063467,0.006356,0.066760,0.177982
song611.wav,0.354162,0.063470,0.006338,0.066859,0.168351
song612.wav,0.345767,0.063085,0.006321,0.042037,0.186466
song613.wav,0.361805,0.070849,0.006255,0.066881,0.168444
song614.wav,0.385873,0.063362,0.006259,0.066786,0.168510
song615.wav,0.355905,0.063680,0.006349,0.066870,0.168390
song616.wav,0.354941,0.063267,0.006297,0.066722,0.168507
song617.wav,0.354782,0.071462,0.006340,0.067012,0.159385
song618.wav,0.353921,0.062905,0.006336,0.066718,0.168403
song619.wav,0.359249,0.068149,0.006309,0.066752,0.168312
song61.wav,0.354846,0.063067,0.006297,0.066867,0.168479
song620.wav,0.358922,0.068311,0.006240,0.066803,0.168446
song621.wav,0.356710,0.062974,0.007951,0.066736,0.168391
song622.wav,0.360844,0.068886,0.006293,0.066862,0.168368
song623.wav,0.368949,0.063130,0.006276,0.063645,0.186318
song624.wav,0.363678,0.069648,0.007432,0.066767,0.168488
song625.wav,0.355975,0.063602,0.006261,0.066725,0.168487
song626.wav,0.360118,0.069325,0.006398,0.066747,0.168381
song627.wav,0.357532,0.063484,0.006396,0.066694,0.168500
song628.wav,0.361510,0.067948,0.006348,0.066799,0.170930
song629.wav,0.354565,0.062571,0.006672,0.066655,0.168458
song62.wav,0.358498,0.065348,0.006345,0.066709,0.168354
song630.wav,0.355981,0.063092,0.006414,0.066851,0.168432
song631.wav,0.355806,0.063219,0.006317,0.066735,0.168437
song632.wav,0.359499,0.063207,0.006295,0.066698,0.168362
song633.wav,0.356253,0.063433,0.006279,0.066909,0.168410
song634.wav,0.357802,0.063917,0.006314,0.066906,0.168515
song635.wav,0.355605,0.063042,0.006304,0.066978,0.168496
song636.wav,0.390724,0.076226,0.006346,0.066656,0.168460
song637.wav,0.358035,0.063165,0.006288,0.066854,0.168406
song638.wav,0.356102,0.063088,0.006282,0.066599,0.168364
song639.wav,0.316840,0.063074,0.007390,0.066838,0.127894
song63.wav,0.355528,0.063197,0.006257,0.066676,0.168462
song640.wav,0.368953,0.063098,0.006288,0.081574,0.168378
song641.wav,0.356277,0.063350,0.006275,0.066731,0.168460
song642.wav,0.354847,0.062817,0.006556,0.066714,0.168488
song643.wav,0.356694,0.063147,0.006248,0.066911,0.168409
song644.wav,0.357001,0.063504,0.006289,0.066858,0.168411
song645.wav,0.336160,0.063567,0.006352,0.066666,0.147476
song646.wav,0.355508,0.062989,0.006297,0.066793,0.168546
song647.wav,0.357211,0.063403,0.006297,0.066723,0.168492
song648.wav,0.355889,0.062974,0.006304,0.066810,0.168464
song649.wav,0.357092,0.063449,0.006337,0.066693,0.168389
song64.wav,0.352956,0.062911,0.006334,0.066921,0.163148
song650.wav,0.356376,0.063305,0.006257,0.066811,0.168501
song651.wav,0.360415,0.064040,0.006352,0.066811,0.171791
song652.wav,0.357129,0.063359,0.006293,0.066811,0.168401
song653.wav,0.361694,0.062712,0.007264,0.066728,0.168403
song654.wav,0.356807,0.063037,0.006372,0.066805,0.168420
song655.wav,0.356929,0.062768,0.006233,0.066731,0.168456
song656.wav,0.344179,0.063247,0.006349,0.066730,0.155671
song657.wav,0.357308,0.063737,0.006257,0.066945,0.168418
song658.wav,0.369869,0.063456,0.006362,0.078093,0.168330
song659.wav,0.357180,0.063218,0.006253,0.066863,0.168453
song65.wav,0.357319,0.063431,0.006290,0.066589,0.168487
song660.wav,0.358307,0.063376,0.006292,0.066819,0.168356
song661.wav,0.356110,0.063068,0.006227,0.066709,0.168476
song662.wav,0.352824,0.063371,0.006305,0.066863,0.163972
song663.wav,0.358098,0.063384,0.006322,0.066750,0.168484
song664.wav,0.357887,0.063194,0.006330,0.066827,0.168408
song665.wav,0.359417,0.063296,0.006311,0.066691,0.168474
song666.wav,0.358107,0.063696,0.006307,0.066847,0.168421
song667.wav,0.347163,0.063281,0.006429,0.066833,0.157130
song668.wav,0.357133,0.063184,0.007315,0.066930,0.168448
song669.wav,0.363455,0.063827,0.006470,0.066918,0.172537
song66.wav,0.357317,0.063458,0.006305,0.066800,0.168507
song670.wav,0.365605,0.063679,0.006313,0.066683,0.168402
song671.wav,0.358915,0.063950,0.006268,0.066967,0.168510
song672.wav,0.358464,0.063568,0.006257,0.066724,0.168345
song673.wav,0.342956,0.063529,0.006356,0.066897,0.153200
song674.wav,0.356685,0.063315,0.006302,0.066741,0.168349
song675.wav,0.380067,0.062926,0.006602,0.086619,0.168475
song676.wav,0.360228,0.064238,0.006269,0.066833,0.168489
song677.wav,0.358286,0.063007,0.006261,0.066836,0.168428
song678.wav,0.359517,0.063571,0.006496,0.066836,0.168489
song679.wav,0.356527,0.063243,0.006315,0.066806,0.168375
song67.wav,0.345209,0.064074,0.006322,0.066844,0.152164
song680.wav,0.360703,0.064050,0.006297,0.066883,0.168405
song681.wav,0.358488,0.062994,0.006314,0.066689,0.168337
song682.wav,0.358990,0.062596,0.007318,0.066870,0.168392
song683.wav,0.357520,0.063454,0.006555,0.066614,0.168392
song684.wav,0.331453,0.063522,0.006366,0.066820,0.142324
song685.wav,0.356958,0.063747,0.006263,0.066772,0.168425
song686.wav,0.322149,0.062883,0.006293,0.066715,0.131832
song687.wav,0.358279,0.063985,0.006276,0.066797,0.168432
song688.wav,0.359743,0.063512,0.006421,0.066775,0.168523
song689.wav,0.357178,0.063034,0.006313,0.066802,0.168337
song68.wav,0.359663,0.063652,0.006576,0.066678,0.168500
song690.wav,0.358736,0.063797,0.006386,0.066772,0.168391
song691.wav,0.358942,0.063133,0.006956,0.066812,0.168341
song692.wav,0.342108,0.063134,0.006379,0.066636,0.152990
song693.wav,0.357961,0.063498,0.006291,0.066732,0.168394
song694.wav,0.359120,0.062991,0.006551,0.066596,0.168368
song695.wav,0.357862,0.062793,0.006274,0.066817,0.168474
song696.wav,0.359219,0.063710,0.006341,0.066646,0.168411
song697.wav,0.359606,0.063547,0.007401,0.066902,0.168501
song698.wav,0.359201,0.063961,0.006360,0.066789,0.168485
song699.wav,0.325389,0.063575,0.006342,0.066822,0.133319
song69.wav,0.360267,0.063820,0.006282,0.066891,0.168438
song6.wav,0.358338,0.063156,0.006316,0.066685,0.168384
song700.wav,0.359957,0.063158,0.006284,0.066687,0.168392
song701.wav,0.359661,0.063205,0.006277,0.066836,0.168436
song702.wav,0.362600,0.063342,0.006427,0.066810,0.170766
song703.wav,0.362614,0.063084,0.006287,0.066907,0.171155
song704.wav,0.362639,0.063488,0.006329,0.066651,0.172359
song705.wav,0.360774,0.063506,0.006348,0.066895,0.168660
song706.wav,0.363894,0.064292,0.006362,0.066637,0.168382
song707.wav,0.360679,0.063838,0.006302,0.066879,0.168526
song708.wav,0.362697,0.063557,0.006315,0.066655,0.168523
song709.wav,0.355641,0.062540,0.006351,0.066836,0.165782
song70.wav,0.361101,0.064037,0.006305,0.066768,0.168394
song710.wav,0.330942,0.062708,0.007340,0.037041,0.168581
song711.wav,0.358332,0.062806,0.006329,0.066701,0.168413
song712.wav,0.364990,0.062878,0.006254,0.066764,0.168534
song713.wav,0.359777,0.064119,0.006306,0.066652,0.168527
song714.wav,0.359483,0.063371,0.006247,0.066789,0.168440
song715.wav,0.358902,0.064154,0.006389,0.066671,0.166904
song716.wav,0.361206,0.062673,0.006246,0.066813,0.168438
song717.wav,0.330419,0.063360,0.006562,0.037751,0.168675
song718.wav,0.360869,0.063389,0.006291,0.066890,0.168402
song719.wav,0.363757,0.063653,0.006392,0.066515,0.168310
song71.wav,0.361049,0.063504,0.006306,0.066846,0.168493
song720.wav,0.359706,0.063704,0.006321,0.066648,0.168385
song721.wav,0.342203,0.063128,0.006314,0.066891,0.148567
song722.wav,0.361259,0.063263,0.006328,0.066759,0.168450
song723.wav,0.370572,0.063045,0.006290,0.078256,0.168544
song724.wav,0.361935,0.064083,0.006254,0.066830,0.168427
song725.wav,0.361842,0.063260,0.007267,0.066751,0.168456
song726.wav,0.362283,0.063030,0.006460,0.066691,0.168371
song727.wav,0.362881,0.063440,0.006267,0.066894,0.168322
song728.wav,0.332839,0.063597,0.006348,0.066776,0.140295
song729.wav,0.361565,0.063509,0.006289,0.066881,0.168423
song72.wav,0.362158,0.063703,0.006599,0.066689,0.168426
song730.wav,0.361139,0.062986,0.006314,0.066893,0.168452
song731.wav,0.364533,0.063093,0.006361,0.066781,0.168559
song732.wav,0.340279,0.063563,0.006393,0.066830,0.146909
song733.wav,0.361043,0.063331,0.006332,0.066857,0.168491
song734.wav,0.364007,0.063582,0.006512,0.068496,0.168504
song735.wav,0.362409,0.063596,0.006295,0.066834,0.168410
song736.wav,0.367429,0.063833,0.006339,0.066707,0.168430
song737.wav,0.362180,0.062558,0.006368,0.066789,0.168487
song738.wav,0.360449,0.063417,0.006271,0.066731,0.168332
song739.wav,0.350554,0.063120,0.006269,0.066765,0.159216
song73.wav,0.361552,0.063221,0.007367,0.066767,0.168396
song740.wav,0.331307,0.062896,0.006309,0.037481,0.168679
song741.wav,0.364628,0.063250,0.006288,0.066792,0.168532
song742.wav,0.365105,0.063569,0.006302,0.066585,0.168398
song743.wav,0.362917,0.063516,0.006564,0.067031,0.168426
song744.wav,0.361388,0.062953,0.006272,0.066708,0.168469
song745.wav,0.337956,0.063489,0.006373,0.066860,0.145192
song746.wav,0.364752,0.063443,0.006393,0.066758,0.169116
song747.wav,0.366171,0.063436,0.006292,0.068967,0.168415
song748.wav,0.362636,0.063507,0.006316,0.066751,0.168369
song749.wav,0.363482,0.063735,0.006363,0.066753,0.168518
song74.wav,0.362124,0.063297,0.006292,0.066825,0.168524
song750.wav,0.362721,0.063673,0.006314,0.066873,0.168452
song751.wav,0.328065,0.063477,0.006356,0.066876,0.133555
song752.wav,0.361558,0.062833,0.006280,0.066807,0.168375
song753.wav,0.361745,0.063781,0.006288,0.066624,0.168383
song754.wav,0.363271,0.062962,0.007342,0.066778,0.168385
song755.wav,0.361913,0.062732,0.006663,0.066639,0.168507
song756.wav,0.348030,0.064064,0.006441,0.067004,0.151113
song757.wav,0.364082,0.063463,0.006269,0.066816,0.168349
song758.wav,0.364976,0.063495,0.006360,0.066793,0.168519
song759.wav,0.363057,0.063444,0.006299,0.066833,0.168394
song75.wav,0.367201,0.063211,0.006298,0.066832,0.168445
song760.wav,0.364046,0.062815,0.006294,0.066682,0.168424
song761.wav,0.362264,0.062968,0.006291,0.066811,0.168477
song762.wav,0.333271,0.063593,0.006299,0.066670,0.137151
song763.wav,0.362306,0.062602,0.006275,0.066880,0.168417
song764.wav,0.381664,0.063009,0.006336,0.085079,0.168455
song765.wav,0.362404,0.062685,0.006257,0.066798,0.168390
song766.wav,0.363526,0.063248,0.006304,0.066707,0.168441
song767.wav,0.363288,0.063961,0.006318,0.066861,0.168425
song768.wav,0.364709,0.063497,0.006331,0.066873,0.168493
song769.wav,0.347192,0.062897,0.007634,0.066791,0.152558
song76.wav,0.361950,0.063112,0.006605,0.066790,0.168439
song770.wav,0.363887,0.063474,0.006342,0.066791,0.168477
song771.wav,0.362273,0.062051,0.006328,0.066758,0.168453
song772.wav,0.364504,0.063759,0.006295,0.066690,0.168379
song773.wav,0.351718,0.063542,0.006377,0.066789,0.155952
song774.wav,0.364058,0.063533,0.006303,0.066922,0.168495
song775.wav,0.365441,0.063052,0.006375,0.066656,0.168668
song776.wav,0.362483,0.063387,0.006273,0.066789,0.168397
song777.wav,0.365084,0.063118,0.006293,0.066481,0.168360
song778.wav,0.364630,0.063616,0.006293,0.066902,0.168411
song779.wav,0.361995,0.063243,0.006356,0.066655,0.168342
song77.wav,0.350325,0.063488,0.006282,0.066753,0.154613
song780.wav,0.362218,0.062987,0.006425,0.066715,0.168418
song781.wav,0.379392,0.062703,0.006360,0.083474,0.168443
song782.wav,0.367115,0.065957,0.006292,0.066773,0.168504
song783.wav,0.365854,0.062870,0.007372,0.066846,0.168403
song784.wav,0.357209,0.063088,0.006519,0.066741,0.162156
song785.wav,0.366618,0.063671,0.006278,0.066855,0.168398
song786.wav,0.365328,0.063188,0.006376,0.066596,0.168467
song787.wav,0.365092,0.063314,0.006269,0.066803,0.168443
song788.wav,0.370994,0.062357,0.006281,0.066516,0.168375
song789.wav,0.362186,0.063102,0.006606,0.066716,0.168401
song78.wav,0.362296,0.063315,0.006348,0.066445,0.168349
song790.wav,0.342488,0.062826,0.006294,0.066759,0.147724
song791.wav,0.364237,0.062863,0.006320,0.066685,0.168433
song792.wav,0.334632,0.062490,0.006311,0.036664,0.169025
song793.wav,0.365983,0.063020,0.006342,0.066738,0.168439
song794.wav,0.365325,0.062901,0.006296,0.066608,0.168416
song795.wav,0.363367,0.063337,0.006580,0.066662,0.168373
song796.wav,0.367701,0.064042,0.006387,0.066786,0.168554
song797.wav,0.349978,0.062749,0.006378,0.066731,0.154761
song798.wav,0.366181,0.062801,0.007453,0.067003,0.168409
song799.wav,0.374277,0.063264,0.006352,0.074749,0.168355
song79.wav,0.363219,0.063638,0.006247,0.066740,0.168362
song7.wav,0.364237,0.063075,0.006317,0.066612,0.168472
song800.wav,0.310871,0.062902,0.006301,0.066775,0.115948
song801.wav,0.366174,0.063839,0.006305,0.066563,0.168371
song802.wav,0.351914,0.063123,0.006357,0.066861,0.153840
song803.wav,0.366477,0.063726,0.006340,0.066746,0.168531
song804.wav,0.376330,0.062823,0.006269,0.078698,0.168469
song805.wav,0.364802,0.063363,0.006354,0.066724,0.168341
song806.wav,0.366013,0.063533,0.006360,0.066749,0.168394
song807.wav,0.366491,0.063176,0.006354,0.066719,0.168424
song808.wav,0.365712,0.062501,0.007168,0.066700,0.168509
song809.wav,0.344148,0.063915,0.006327,0.066627,0.146323
song80.wav,0.364739,0.062501,0.006399,0.066790,0.168554
song810.wav,0.365562,0.063481,0.006331,0.066593,0.168449
song811.wav,0.368042,0.062674,0.007203,0.066753,0.168422
song812.wav,0.365898,0.063227,0.006313,0.066507,0.168461
song813.wav,0.347387,0.063228,0.006295,0.066791,0.148758
song814.wav,0.366504,0.063624,0.006282,0.066732,0.168389
song815.wav,0.370019,0.063971,0.006311,0.066822,0.172172
song816.wav,0.365849,0.063567,0.006240,0.066747,0.168414
song817.wav,0.370237,0.062711,0.006329,0.066691,0.168487
song818.wav,0.367775,0.063502,0.006257,0.066828,0.168444
song819.wav,0.366758,0.063594,0.006299,0.066726,0.168484
song81.wav,0.346562,0.062653,0.006331,0.066705,0.148813
song820.wav,0.366042,0.063387,0.006278,0.066872,0.168418
song821.wav,0.376785,0.063073,0.006270,0.076388,0.168358
song822.wav,0.366535,0.063202,0.006297,0.066859,0.168768
song823.wav,0.365910,0.063000,0.006323,0.066475,0.168415
song824.wav,0.366527,0.063274,0.006238,0.066736,0.168362
song825.wav,0.367678,0.063089,0.006559,0.068955,0.168388
song826.wav,0.345875,0.063279,0.007337,0.066963,0.146963
song827.wav,0.371211,0.065443,0.006324,0.069536,0.168443
song828.wav,0.391517,0.087915,0.006291,0.066748,0.168479
song829.wav,0.367540,0.062912,0.006300,0.066803,0.168667
song82.wav,0.365650,0.062827,0.006290,0.066716,0.168449
song830.wav,0.366804,0.062359,0.006319,0.066798,0.169068
song831.wav,0.367149,0.063392,0.006334,0.066761,0.168470
song832.wav,0.368036,0.062885,0.006305,0.068760,0.168420
song833.wav,0.367806,0.063191,0.006252,0.066739,0.168394
song834.wav,0.367668,0.063841,0.006369,0.066558,0.168402
song835.wav,0.366034,0.062351,0.006290,0.066801,0.168408
song836.wav,0.366303,0.063357,0.006309,0.066743,0.168328
song837.wav,0.327597,0.063421,0.006449,0.066753,0.128392
song838.wav,0.364888,0.062896,0.006229,0.066858,0.168383
song839.wav,0.368775,0.063406,0.006268,0.066749,0.168457
song83.wav,0.367221,0.063070,0.006284,0.066799,0.168431
song840.wav,0.370237,0.063242,0.007316,0.066691,0.168501
song841.wav,0.338829,0.063116,0.006311,0.066816,0.139358
song842.wav,0.367210,0.063206,0.006300,0.066964,0.168377
song843.wav,0.371041,0.063710,0.006650,0.066695,0.168843
song844.wav,0.368942,0.063661,0.006332,0.066862,0.168347
song845.wav,0.372219,0.063737,0.006334,0.066676,0.168398
song846.wav,0.368612,0.064115,0.006281,0.066959,0.168524
song847.wav,0.366212,0.062714,0.006648,0.066668,0.168407
song848.wav,0.336258,0.063191,0.006548,0.066916,0.136346
song849.wav,0.368925,0.063557,0.006211,0.066778,0.168551
song84.wav,0.369353,0.065623,0.006377,0.066813,0.168556
song850.wav,0.367258,0.063187,0.006565,0.066828,0.168411
song851.wav,0.366560,0.063073,0.006190,0.066739,0.168303
song852.wav,0.328977,0.063348,0.006401,0.066847,0.130122
song853.wav,0.366545,0.062739,0.006298,0.066904,0.168485
song854.wav,0.371689,0.063936,0.006591,0.068479,0.168486
song855.wav,0.369746,0.063610,0.007390,0.066788,0.168492
song856.wav,0.400374,0.062629,0.006292,0.066647,0.168424
song857.wav,0.371498,0.063592,0.006474,0.066907,0.168425
song858.wav,0.367754,0.063647,0.006293,0.066701,0.168469
song859.wav,0.347677,0.063645,0.006296,0.066883,0.146651
song85.wav,0.369107,0.063099,0.006290,0.066749,0.168362
song860.wav,0.366412,0.062959,0.006290,0.066761,0.168364
song861.wav,0.368126,0.062795,0.006330,0.066788,0.168352
song862.wav,0.370749,0.064352,0.006216,0.066858,0.168461
song863.wav,0.339180,0.062930,0.006336,0.066869,0.138972
song864.wav,0.376570,0.070019,0.006317,0.066944,0.168406
song865.wav,0.363877,0.062278,0.006319,0.064244,0.168354
song866.wav,0.371092,0.066164,0.006341,0.066822,0.168676
song867.wav,0.377628,0.062861,0.010234,0.066551,0.168388
song868.wav,0.369843,0.063271,0.006466,0.066953,0.168976
song869.wav,0.369211,0.062951,0.006296,0.066531,0.169214
song86.wav,0.365147,0.063350,0.007581,0.066909,0.161821
song870.wav,0.368555,0.062767,0.006307,0.066757,0.168512
song871.wav,0.394428,0.088761,0.006300,0.066861,0.168499
song872.wav,0.367891,0.063202,0.006304,0.066712,0.168414
song873.wav,0.367251,0.062529,0.006242,0.066747,0.168400
song874.wav,0.367149,0.063610,0.006402,0.066795,0.164306
song875.wav,0.369335,0.063786,0.006281,0.066772,0.168380
song876.wav,0.373171,0.063496,0.006334,0.070499,0.168347
song877.wav,0.368746,0.063544,0.006268,0.066902,0.168451
song878.wav,0.367281,0.062567,0.006491,0.066688,0.168463
song879.wav,0.369828,0.063292,0.006490,0.066880,0.168404
song87.wav,0.369590,0.063647,0.006334,0.066872,0.168516
song880.wav,0.377404,0.063481,0.006376,0.066795,0.175897
song881.wav,0.368471,0.063560,0.006297,0.066793,0.168355
song882.wav,0.372298,0.063264,0.006583,0.066756,0.168437
song883.wav,0.369253,0.062770,0.006304,0.066716,0.168299
song884.wav,0.371280,0.063655,0.007286,0.066801,0.168328
song885.wav,0.337572,0.063209,0.006331,0.066781,0.134834
song886.wav,0.368445,0.062824,0.006329,0.066866,0.168515
song887.wav,0.371689,0.064595,0.006293,0.066735,0.168420
song888.wav,0.372863,0.062889,0.009929,0.066939,0.168489
song889.wav,0.370006,0.063088,0.006341,0.066594,0.168381
song88.wav,0.373695,0.063345,0.006386,0.066979,0.172905
song890.wav,0.371530,0.063655,0.006519,0.066733,0.168425
song891.wav,0.366482,0.063117,0.006287,0.063294,0.168479
song892.wav,0.369232,0.063733,0.006266,0.066768,0.168449
song893.wav,0.382662,0.071822,0.006306,0.066716,0.168548
song894.wav,0.370803,0.063627,0.006275,0.066777,0.168416
song895.wav,0.369839,0.062913,0.006262,0.066717,0.168457
song896.wav,0.364139,0.063019,0.006402,0.066767,0.161531
song897.wav,0.369647,0.063322,0.006325,0.066803,0.168487
song898.wav,0.372084,0.063445,0.006271,0.066585,0.168540
song899.wav,0.371600,0.063454,0.007307,0.066833,0.168632
song89.wav,0.372539,0.066306,0.006306,0.066649,0.168474
song8.wav,0.332883,0.063393,0.006405,0.066821,0.128564
song90.wav,0.377743,0.070186,0.006318,0.066717,0.168506
song91.wav,0.359889,0.062523,0.006283,0.055119,0.168448
song92.wav,0.376895,0.069157,0.006307,0.066814,0.168619
song93.wav,0.372320,0.062627,0.006268,0.066808,0.168464
song94.wav,0.377459,0.070647,0.006639,0.066829,0.168396
song95.wav,0.371109,0.063458,0.006335,0.066866,0.168382
song96.wav,0.353089,0.071455,0.006297,0.066790,0.141995
song97.wav,0.371687,0.062496,0.006296,0.066789,0.168597
song98.wav,0.377395,0.069219,0.006280,0.066806,0.168519
song99.wav,0.371304,0.063736,0.006283,0.066824,0.168551
song9.wav,0.380905,0.072131,0.006308,0.066721,0.168423
