song_names,preprocessing_time,execution_time
song11.wav,0.186205,0.038147
song12_extra.wav,0.178576,0.040054
song14_extra.wav,0.217676,0.040054
song15_extra.wav,0.231981,0.040293
song16_extra.wav,0.176907,0.039577
song17_extra.wav,0.178337,0.039577
song18_extra.wav,0.176430,0.040293
song19_extra.wav,0.236511,0.039816
song20_extra.wav,0.176430,0.039577
song21_extra.wav,0.174761,0.039101
song22_extra.wav,0.178099,0.040054
song23_extra.wav,0.225306,0.040293
song24_extra.wav,0.179529,0.040531
song26_extra.wav,0.176191,0.039577
song27_extra.wav,0.177145,0.039577
song28_extra.wav,0.228167,0.040054
song44_extra.wav,0.185728,0.040054
song45_extra.wav,0.175238,0.040054
song46_extra.wav,0.177383,0.040054
song47_extra.wav,0.197172,0.067472
song49_extra.wav,0.178576,0.040054
song4_extra.wav,0.184059,0.040293
song50_extra.wav,0.174761,0.040293
song51_extra.wav,0.180960,0.087738
song52_extra.wav,0.175714,0.040293
song53_extra.wav,0.174999,0.039339
song54_extra.wav,0.183821,0.040531
song56_extra.wav,0.179291,0.089884
song57_extra.wav,0.176191,0.040531
song58_extra.wav,0.175238,0.039816
song59_extra.wav,0.175714,0.040293
song5_extra.wav,0.181437,0.064135
song60_extra.wav,0.177622,0.040054
song61_extra.wav,0.174284,0.040293
song63_extra.wav,0.185490,0.039339
song64_extra.wav,0.177383,0.040054
song65_extra.wav,0.203609,0.039816
song66_extra.wav,0.174284,0.040293
song67_extra.wav,0.177860,0.040054
song68_extra.wav,0.173807,0.040531
song69_extra.wav,0.229836,0.040293
song70_extra.wav,0.189066,0.040054
song71_extra.wav,0.177383,0.039577
song72_extra.wav,0.177145,0.040531
song73_extra.wav,0.227690,0.040531
song74_extra.wav,0.176907,0.040054
song75_extra.wav,0.183344,0.039577
song76_extra.wav,0.176668,0.040054
song78_extra.wav,0.217676,0.040531
song79_extra.wav,0.177622,0.040054
song7_extra.wav,0.175714,0.039577
song80_extra.wav,0.185251,0.039577
song81_extra.wav,0.213385,0.040054
song82_extra.wav,0.178814,0.040054
song83_extra.wav,0.174522,0.040293
song85_extra.wav,0.176907,0.039816
song86_extra.wav,0.217915,0.040531
song87_extra.wav,0.178337,0.039816
song88_extra.wav,0.175476,0.040293
song89_extra.wav,0.178576,0.040054
song8_extra.wav,0.174522,0.040054
song90_extra.wav,0.176191,0.040054
song92_extra.wav,0.176668,0.039339
song93_extra.wav,0.181198,0.040054
song94_extra.wav,0.194550,0.053883
song95_extra.wav,0.178099,0.040054
song96_extra.wav,0.175238,0.039339
song97_extra.wav,0.177860,0.039577
song98_extra.wav,0.178576,0.058174
song9_extra.wav,0.176430,0.039577
song0.wav,0.187874,0.037670
song10.wav,0.178337,0.037432
song111.wav,0.176668,0.036478
song113.wav,0.179529,0.036955
song115.wav,0.174522,0.037670
song117.wav,0.177145,0.037670
song119.wav,0.176191,0.037193
song120.wav,0.178814,0.036955
song105_extra.wav,0.176430,0.038385
song106_extra.wav,0.175714,0.037670
song107_extra.wav,0.178099,0.037670
song109_extra.wav,0.180960,0.036240
song10_extra.wav,0.176191,0.040770
song11_extra.wav,0.175953,0.040054
song1_extra.wav,0.175238,0.039339
song0_extra.wav,0.174761,0.039577
song100_extra.wav,0.176430,0.037909
song101_extra.wav,0.176430,0.037432
song102_extra.wav,0.172377,0.037193
song103_extra.wav,0.172138,0.036478
song104_extra.wav,0.174761,0.037432
song108_extra.wav,0.183344,0.037670
song13_extra.wav,0.172853,0.040770
song25_extra.wav,0.175714,0.040293
song29_extra.wav,0.174522,0.042915
song2_extra.wav,0.177622,0.038862
song30_extra.wav,0.181437,0.040293
song31_extra.wav,0.174046,0.040054
song32_extra.wav,0.176430,0.039339
song33_extra.wav,0.176430,0.040293
song34_extra.wav,0.174284,0.040054
song35_extra.wav,0.179529,0.040054
song36_extra.wav,0.174999,0.039816
song37_extra.wav,0.175714,0.040054
song38_extra.wav,0.175953,0.039577
song39_extra.wav,0.175476,0.040054
song3_extra.wav,0.174522,0.039816
song40_extra.wav,0.179768,0.039816
song41_extra.wav,0.173807,0.039577
song42_extra.wav,0.170708,0.039577
song43_extra.wav,0.172138,0.040293
song48_extra.wav,0.172615,0.040770
song55_extra.wav,0.184774,0.040054
song62_extra.wav,0.179768,0.040054
song6_extra.wav,0.172377,0.040054
song77_extra.wav,0.178099,0.040531
song84_extra.wav,0.176430,0.040293
song91_extra.wav,0.183821,0.040054
song99_extra.wav,0.175238,0.040054
song110.wav,0.174522,0.037670
song112.wav,0.181198,0.038147
song114.wav,0.176430,0.037193
song116.wav,0.182867,0.036955
song118.wav,0.176907,0.037193
song121.wav,0.176430,0.037670
song122.wav,0.177383,0.036716
song123.wav,0.174046,0.037670
song124.wav,0.184059,0.037670
song125.wav,0.175953,0.036716
song126.wav,0.175238,0.037432
song127.wav,0.176668,0.037670
song128.wav,0.178576,0.037432
song129.wav,0.176191,0.037670
song12.wav,0.182152,0.036240
song130.wav,0.182152,0.036478
song131.wav,0.176191,0.036716
song132.wav,0.174761,0.036478
song133.wav,0.178576,0.041008
song134.wav,0.174999,0.036240
song135.wav,0.172615,0.037432
song136.wav,0.174522,0.036240
song137.wav,0.177622,0.037670
song138.wav,0.177145,0.036716
song139.wav,0.179768,0.037909
song13.wav,0.174761,0.036240
song140.wav,0.178099,0.037909
song141.wav,0.182629,0.037193
song142.wav,0.179052,0.036716
song143.wav,0.183105,0.036240
song144.wav,0.176907,0.037193
song145.wav,0.174522,0.037670
song146.wav,0.178099,0.037432
song147.wav,0.176907,0.036716
song148.wav,0.180960,0.036716
song149.wav,0.175476,0.036240
song14.wav,0.182867,0.037193
song150.wav,0.176191,0.036001
song151.wav,0.175714,0.036955
song152.wav,0.184298,0.037193
song153.wav,0.181913,0.037193
song154.wav,0.173569,0.037670
song155.wav,0.174999,0.037909
song156.wav,0.178099,0.036240
song157.wav,0.182152,0.038147
song158.wav,0.175476,0.037193
song159.wav,0.174761,0.037193
song15.wav,0.174999,0.036478
song160.wav,0.175953,0.037432
song161.wav,0.184298,0.038147
song162.wav,0.174522,0.037909
song163.wav,0.175476,0.038385
song164.wav,0.177622,0.036716
song165.wav,0.178337,0.036240
song166.wav,0.178337,0.037193
song167.wav,0.174999,0.037432
song168.wav,0.179768,0.037432
song169.wav,0.179052,0.037670
song16.wav,0.182629,0.036716
song170.wav,0.174284,0.036716
song171.wav,0.177145,0.036478
song172.wav,0.178099,0.037670
song173.wav,0.179529,0.037432
song174.wav,0.177383,0.038147
song175.wav,0.176907,0.036716
song176.wav,0.174046,0.036240
song177.wav,0.177145,0.037909
song178.wav,0.175953,0.036955
song179.wav,0.176668,0.036001
song17.wav,0.175714,0.038147
song180.wav,0.176191,0.037193
song181.wav,0.183582,0.037670
song182.wav,0.169754,0.036955
song183.wav,0.174761,0.036716
song184.wav,0.168324,0.037670
song185.wav,0.170946,0.036478
song186.wav,0.176907,0.037909
song187.wav,0.168800,0.036955
song188.wav,0.169516,0.037909
song189.wav,0.170946,0.036001
song18.wav,0.168800,0.037432
song190.wav,0.172615,0.037670
song191.wav,0.169277,0.037193
song192.wav,0.169039,0.037432
song193.wav,0.169754,0.037193
song194.wav,0.166893,0.037432
song195.wav,0.175714,0.037909
song196.wav,0.169754,0.037193
song197.wav,0.168085,0.039577
song198.wav,0.168562,0.038624
song199.wav,0.169039,0.037432
song19.wav,0.168085,0.037193
song1.wav,0.174999,0.038385
song200.wav,0.171900,0.037909
song201.wav,0.168800,0.037193
song202.wav,0.170708,0.036955
song203.wav,0.167608,0.037909
song204.wav,0.174522,0.038385
song205.wav,0.166655,0.037670
song206.wav,0.168562,0.037670
song207.wav,0.169277,0.036716
song208.wav,0.169516,0.036955
song209.wav,0.174046,0.037432
song20.wav,0.167370,0.036716
song210.wav,0.168562,0.037670
song211.wav,0.168085,0.037909
song212.wav,0.169277,0.039816
song213.wav,0.167608,0.036478
song214.wav,0.168324,0.036955
song215.wav,0.169039,0.037670
song216.wav,0.169039,0.036716
song217.wav,0.169754,0.036240
song218.wav,0.169516,0.037909
song219.wav,0.173330,0.036716
song21.wav,0.169516,0.037432
song220.wav,0.167847,0.038624
song221.wav,0.173330,0.036716
song222.wav,0.168562,0.037670
song223.wav,0.176907,0.037193
song224.wav,0.168324,0.035763
song225.wav,0.171661,0.035286
song226.wav,0.167608,0.036955
song227.wav,0.167370,0.037432
song228.wav,0.177383,0.038385
song229.wav,0.166893,0.039577
song22.wav,0.168324,0.036478
song230.wav,0.168085,0.036955
song231.wav,0.168324,0.036478
song232.wav,0.167847,0.036240
song233.wav,0.169992,0.036716
song234.wav,0.169516,0.037193
song235.wav,0.168562,0.037670
song236.wav,0.167608,0.037909
song237.wav,0.169039,0.040054
song238.wav,0.166655,0.036955
song239.wav,0.169039,0.036716
song23.wav,0.169277,0.036716
song240.wav,0.169754,0.037670
song241.wav,0.176907,0.036955
song242.wav,0.166416,0.038147
song243.wav,0.168324,0.036478
song244.wav,0.169039,0.036716
song245.wav,0.166416,0.038147
song246.wav,0.167131,0.038385
song247.wav,0.168085,0.036955
song248.wav,0.167608,0.036955
song249.wav,0.174761,0.036955
song24.wav,0.200272,0.037909
song250.wav,0.169039,0.035763
song251.wav,0.168085,0.035763
song252.wav,0.167847,0.036240
song253.wav,0.176191,0.066996
song254.wav,0.167131,0.037909
song255.wav,0.168085,0.036240
song256.wav,0.168562,0.036955
song257.wav,0.168085,0.036955
song258.wav,0.199795,0.037432
song259.wav,0.168324,0.037432
song25.wav,0.168324,0.037432
song260.wav,0.173569,0.038385
song261.wav,0.172138,0.037909
song262.wav,0.175953,0.037193
song263.wav,0.167847,0.036955
song264.wav,0.169039,0.037670
song265.wav,0.166416,0.036955
song266.wav,0.171900,0.036240
song267.wav,0.168085,0.035763
song268.wav,0.167847,0.038147
song269.wav,0.170231,0.037909
song26.wav,0.200272,0.037193
song270.wav,0.169992,0.036716
song271.wav,0.169754,0.036716
song272.wav,0.175238,0.037193
song273.wav,0.169039,0.036955
song274.wav,0.171900,0.037193
song275.wav,0.169516,0.037193
song276.wav,0.169992,0.037670
song277.wav,0.175714,0.036955
song278.wav,0.170946,0.036478
song279.wav,0.168800,0.037193
song27.wav,0.169992,0.037193
song280.wav,0.167370,0.038147
song281.wav,0.173092,0.037909
song282.wav,0.170231,0.037193
song283.wav,0.169516,0.036955
song284.wav,0.167847,0.037670
song285.wav,0.167608,0.037432
song286.wav,0.169992,0.037909
song287.wav,0.168324,0.037193
song288.wav,0.167370,0.037193
song289.wav,0.168324,0.037909
song28.wav,0.168562,0.037670
song290.wav,0.169754,0.036716
song291.wav,0.176191,0.038147
song292.wav,0.168800,0.037670
song293.wav,0.168562,0.038624
song294.wav,0.169039,0.036716
song295.wav,0.167847,0.037193
song296.wav,0.175953,0.037909
song297.wav,0.168562,0.036716
song298.wav,0.169277,0.037909
song299.wav,0.168085,0.036001
song29.wav,0.171900,0.037670
song2.wav,0.173330,0.036478
song300.wav,0.169754,0.036240
song301.wav,0.169754,0.035763
song302.wav,0.169516,0.037670
song303.wav,0.178814,0.036716
song304.wav,0.166416,0.037909
song305.wav,0.167847,0.037670
song306.wav,0.167608,0.036478
song307.wav,0.169039,0.037909
song308.wav,0.168324,0.036955
song309.wav,0.168562,0.037193
song30.wav,0.169516,0.037909
song310.wav,0.177145,0.037670
song311.wav,0.169754,0.037432
song312.wav,0.168562,0.037909
song313.wav,0.169516,0.036716
song314.wav,0.168800,0.036716
song315.wav,0.173569,0.036955
song316.wav,0.167847,0.036478
song317.wav,0.167131,0.037909
song318.wav,0.170231,0.037432
song319.wav,0.173807,0.038147
song31.wav,0.167131,0.036478
song320.wav,0.172853,0.035763
song321.wav,0.167608,0.038147
song322.wav,0.169516,0.037909
song323.wav,0.168562,0.036955
song324.wav,0.166893,0.037193
song325.wav,0.176907,0.037432
song326.wav,0.169039,0.036716
song327.wav,0.168800,0.037909
song328.wav,0.168324,0.036478
song329.wav,0.169277,0.036716
song32.wav,0.175238,0.036478
song330.wav,0.169039,0.037909
song331.wav,0.167608,0.036240
song332.wav,0.167608,0.037193
song333.wav,0.167608,0.037670
song334.wav,0.171185,0.037909
song335.wav,0.167608,0.037432
song336.wav,0.168085,0.037193
song337.wav,0.167847,0.038385
song338.wav,0.169039,0.036478
song339.wav,0.168800,0.037432
song33.wav,0.175238,0.036478
song340.wav,0.169039,0.037193
song341.wav,0.168562,0.037193
song342.wav,0.171900,0.037909
song343.wav,0.168562,0.036001
song344.wav,0.175238,0.036478
song345.wav,0.167608,0.038147
song346.wav,0.169039,0.037193
song347.wav,0.167847,0.036955
song348.wav,0.167608,0.036716
song349.wav,0.173092,0.037909
song34.wav,0.168562,0.038862
song350.wav,0.169516,0.036955
song351.wav,0.167131,0.036955
song352.wav,0.169039,0.038147
song353.wav,0.169516,0.036955
song354.wav,0.168324,0.037193
song355.wav,0.167608,0.036478
song356.wav,0.166893,0.036955
song357.wav,0.167847,0.037670
song358.wav,0.172138,0.036001
song359.wav,0.178814,0.036478
song35.wav,0.170231,0.037670
song360.wav,0.166893,0.037909
song361.wav,0.168324,0.038385
song362.wav,0.168562,0.037909
song363.wav,0.174761,0.037432
song364.wav,0.168324,0.037432
song365.wav,0.168800,0.036716
song366.wav,0.168085,0.036240
song367.wav,0.169992,0.037670
song368.wav,0.173807,0.036240
song369.wav,0.168324,0.037670
song36.wav,0.168085,0.037193
song370.wav,0.168085,0.037193
song371.wav,0.174999,0.037193
song372.wav,0.166893,0.037432
song373.wav,0.167370,0.037193
song374.wav,0.166893,0.038862
song375.wav,0.170946,0.037432
song376.wav,0.168324,0.037432
song377.wav,0.168562,0.038147
song378.wav,0.176668,0.037670
song379.wav,0.174284,0.039577
song37.wav,0.169277,0.036955
song380.wav,0.167608,0.037670
song381.wav,0.168562,0.036716
song382.wav,0.167608,0.036478
song383.wav,0.172853,0.036240
song384.wav,0.167131,0.037432
song385.wav,0.166893,0.036716
song386.wav,0.168562,0.036716
song387.wav,0.169516,0.036955
song388.wav,0.167131,0.037193
song389.wav,0.174761,0.037432
song38.wav,0.168800,0.036240
song390.wav,0.168800,0.037432
song391.wav,0.170708,0.036955
song392.wav,0.167370,0.038147
song393.wav,0.172377,0.036955
song394.wav,0.167370,0.036240
song395.wav,0.166178,0.036716
song396.wav,0.170708,0.036955
song397.wav,0.166655,0.035524
song398.wav,0.172138,0.036955
song399.wav,0.167608,0.035763
song39.wav,0.169992,0.036955
song3.wav,0.168800,0.037670
song400.wav,0.169039,0.037432
song401.wav,0.168324,0.037670
song402.wav,0.173569,0.037670
song403.wav,0.169992,0.038147
song404.wav,0.168800,0.037670
song405.wav,0.167608,0.037193
song406.wav,0.167847,0.036716
song407.wav,0.177383,0.036478
song408.wav,0.168085,0.036955
song409.wav,0.166655,0.037670
song40.wav,0.167370,0.036716
song410.wav,0.167131,0.037670
song411.wav,0.175714,0.036716
song412.wav,0.167370,0.037193
song413.wav,0.168324,0.037193
song414.wav,0.166416,0.037193
song415.wav,0.170708,0.037670
song416.wav,0.169754,0.037432
song417.wav,0.174046,0.037432
song418.wav,0.168800,0.037432
song419.wav,0.167370,0.037909
song41.wav,0.172138,0.037670
song420.wav,0.168562,0.037909
song421.wav,0.174046,0.038624
song422.wav,0.165939,0.037909
song423.wav,0.167847,0.036478
song424.wav,0.168324,0.037432
song425.wav,0.169277,0.036955
song426.wav,0.170946,0.037909
song427.wav,0.167608,0.037670
song428.wav,0.168324,0.036716
song429.wav,0.167847,0.037909
song42.wav,0.168324,0.037432
song430.wav,0.167370,0.037193
song431.wav,0.171661,0.037432
song432.wav,0.168324,0.035763
song433.wav,0.168324,0.036478
song434.wav,0.167608,0.036716
song435.wav,0.176191,0.038147
song436.wav,0.174522,0.037670
song437.wav,0.168562,0.037670
song438.wav,0.167608,0.037193
song439.wav,0.168562,0.036955
song43.wav,0.178099,0.036716
song440.wav,0.167847,0.037432
song441.wav,0.168562,0.036716
song442.wav,0.167131,0.036955
song443.wav,0.168324,0.037432
song444.wav,0.171423,0.036001
song445.wav,0.167608,0.036955
song446.wav,0.169277,0.037670
song447.wav,0.174999,0.037670
song448.wav,0.168562,0.040054
song449.wav,0.167608,0.036478
song44.wav,0.168324,0.036240
song450.wav,0.167847,0.037193
song451.wav,0.174522,0.038385
song452.wav,0.198603,0.036955
song453.wav,0.167370,0.037193
song454.wav,0.168324,0.036955
song455.wav,0.173569,0.036478
song456.wav,0.205755,0.037432
song457.wav,0.168085,0.036716
song458.wav,0.168800,0.037670
song459.wav,0.167847,0.037670
song45.wav,0.168562,0.037193
song460.wav,0.176907,0.037193
song461.wav,0.168562,0.037432
song462.wav,0.169754,0.037432
song463.wav,0.170231,0.036478
song464.wav,0.169992,0.037670
song465.wav,0.168800,0.035763
song466.wav,0.167847,0.036478
song467.wav,0.167608,0.037670
song468.wav,0.168800,0.037193
song469.wav,0.200748,0.037193
song46.wav,0.168324,0.037193
song470.wav,0.174522,0.037193
song471.wav,0.167608,0.037670
song472.wav,0.170946,0.036955
song473.wav,0.167847,0.037193
song474.wav,0.168324,0.036478
song475.wav,0.174522,0.036716
song476.wav,0.167370,0.038624
song477.wav,0.168324,0.036716
song478.wav,0.168085,0.037193
song479.wav,0.167608,0.037670
song47.wav,0.174761,0.036478
song480.wav,0.169516,0.037670
song481.wav,0.166893,0.037670
song482.wav,0.169992,0.037193
song483.wav,0.167370,0.037432
song484.wav,0.168800,0.037193
song485.wav,0.167608,0.036478
song486.wav,0.168324,0.037670
song487.wav,0.169277,0.036716
song488.wav,0.167847,0.037432
song489.wav,0.169516,0.036716
song48.wav,0.174761,0.037670
song490.wav,0.168085,0.036001
song491.wav,0.169039,0.037193
song492.wav,0.168085,0.037909
song493.wav,0.166893,0.036955
song494.wav,0.177145,0.037909
song495.wav,0.166893,0.036716
song496.wav,0.167847,0.037193
song497.wav,0.170946,0.037193
song498.wav,0.166655,0.036240
song499.wav,0.175714,0.036716
song49.wav,0.167370,0.037432
song4.wav,0.169039,0.039339
song500.wav,0.169754,0.038147
song501.wav,0.167131,0.037670
song502.wav,0.167847,0.037670
song503.wav,0.171900,0.037909
song504.wav,0.172853,0.036716
song505.wav,0.168800,0.037193
song506.wav,0.167131,0.036716
song507.wav,0.167608,0.037193
song508.wav,0.170231,0.036955
song509.wav,0.169277,0.036001
song50.wav,0.167370,0.037909
song510.wav,0.168800,0.038147
song511.wav,0.167847,0.036240
song512.wav,0.171185,0.037193
song513.wav,0.167370,0.037909
song514.wav,0.167370,0.036955
song515.wav,0.168562,0.037193
song516.wav,0.171661,0.037432
song517.wav,0.168324,0.037909
song518.wav,0.168085,0.036478
song519.wav,0.174046,0.037909
song51.wav,0.169992,0.035286
song520.wav,0.170469,0.037670
song521.wav,0.167847,0.036955
song522.wav,0.168085,0.036955
song523.wav,0.175238,0.036955
song524.wav,0.168324,0.037909
song525.wav,0.167608,0.038624
song526.wav,0.168562,0.036240
song527.wav,0.169754,0.037670
song528.wav,0.174761,0.036955
song529.wav,0.171900,0.037670
song52.wav,0.168800,0.035763
song530.wav,0.168085,0.037432
song531.wav,0.167370,0.037670
song532.wav,0.169992,0.037670
song533.wav,0.168562,0.036240
song534.wav,0.168324,0.037193
song535.wav,0.169516,0.036716
song536.wav,0.169754,0.037193
song537.wav,0.171900,0.037193
song538.wav,0.173330,0.035524
song539.wav,0.168800,0.037432
song53.wav,0.168085,0.037432
song540.wav,0.169992,0.037909
song541.wav,0.169039,0.037670
song542.wav,0.174761,0.036478
song543.wav,0.168324,0.037193
song544.wav,0.168085,0.037432
song545.wav,0.169039,0.037909
song546.wav,0.168324,0.037432
song547.wav,0.167608,0.037432
song548.wav,0.167847,0.036716
song549.wav,0.169039,0.037432
song54.wav,0.168800,0.036240
song550.wav,0.168085,0.038385
song551.wav,0.167370,0.037193
song552.wav,0.173569,0.037193
song553.wav,0.170231,0.037432
song554.wav,0.166655,0.037193
song555.wav,0.168562,0.036955
song556.wav,0.167370,0.037193
song557.wav,0.175714,0.037670
song558.wav,0.168800,0.037193
song559.wav,0.167131,0.036716
song55.wav,0.169277,0.037670
song560.wav,0.169516,0.036478
song561.wav,0.179052,0.037670
song562.wav,0.168562,0.036955
song563.wav,0.168085,0.036716
song564.wav,0.167847,0.037670
song565.wav,0.167847,0.037432
song566.wav,0.169039,0.036478
song567.wav,0.167847,0.035763
song568.wav,0.169277,0.035286
song569.wav,0.167370,0.038147
song56.wav,0.170946,0.037432
song570.wav,0.169277,0.036478
song571.wav,0.172853,0.037193
song572.wav,0.167847,0.036240
song573.wav,0.168324,0.036955
song574.wav,0.171661,0.036478
song575.wav,0.177383,0.036716
song576.wav,0.169277,0.036955
song577.wav,0.167847,0.036955
song578.wav,0.170231,0.037432
song579.wav,0.169277,0.037909
song57.wav,0.168085,0.037670
song580.wav,0.168085,0.037193
song581.wav,0.169277,0.037670
song582.wav,0.174999,0.036955
song583.wav,0.169039,0.037432
song584.wav,0.168085,0.038147
song585.wav,0.168800,0.037670
song586.wav,0.171185,0.037670
song587.wav,0.177622,0.036955
song588.wav,0.169754,0.035763
song589.wav,0.166655,0.036955
song58.wav,0.166893,0.036716
song590.wav,0.170708,0.037193
song591.wav,0.175953,0.037432
song592.wav,0.167608,0.037193
song593.wav,0.166655,0.035286
song594.wav,0.170946,0.037670
song595.wav,0.168800,0.038147
song596.wav,0.167847,0.037432
song597.wav,0.167131,0.037193
song598.wav,0.167608,0.037193
song599.wav,0.170708,0.037193
song59.wav,0.168800,0.035286
song5.wav,0.165462,0.037670
song600.wav,0.175953,0.036955
song601.wav,0.169992,0.037909
song602.wav,0.168324,0.036240
song603.wav,0.169754,0.036716
song604.wav,0.167370,0.036955
song605.wav,0.176430,0.036716
song606.wav,0.169277,0.036716
song607.wav,0.167370,0.036240
song608.wav,0.168800,0.038385
song609.wav,0.167847,0.036716
song60.wav,0.170708,0.036955
song610.wav,0.168085,0.037193
song611.wav,0.169039,0.036955
song612.wav,0.168562,0.035524
song613.wav,0.167370,0.037670
song614.wav,0.169992,0.037670
song615.wav,0.175953,0.036478
song616.wav,0.168085,0.036716
song617.wav,0.167847,0.036240
song618.wav,0.169039,0.037432
song619.wav,0.167131,0.037909
song61.wav,0.174522,0.036716
song620.wav,0.169039,0.037909
song621.wav,0.169039,0.036478
song622.wav,0.169754,0.038624
song623.wav,0.169754,0.038624
song624.wav,0.168324,0.036716
song625.wav,0.168085,0.036716
song626.wav,0.172377,0.036478
song627.wav,0.166178,0.037193
song628.wav,0.168085,0.036716
song629.wav,0.168324,0.037670
song62.wav,0.175953,0.038147
song630.wav,0.169039,0.037670
song631.wav,0.168562,0.037432
song632.wav,0.168324,0.038147
song633.wav,0.166655,0.036955
song634.wav,0.175476,0.039339
song635.wav,0.168324,0.036478
song636.wav,0.167847,0.036001
song637.wav,0.168562,0.036955
song638.wav,0.169277,0.036716
song639.wav,0.174999,0.036478
song63.wav,0.168800,0.036955
song640.wav,0.168085,0.036955
song641.wav,0.168562,0.037193
song642.wav,0.175714,0.057459
song643.wav,0.167131,0.037670
song644.wav,0.168562,0.037193
song645.wav,0.168562,0.037670
song646.wav,0.168562,0.037193
song647.wav,0.171423,0.038147
song648.wav,0.167608,0.037432
song649.wav,0.167608,0.037193
song64.wav,0.172853,0.037909
song650.wav,0.168800,0.035763
song651.wav,0.166178,0.037432
song652.wav,0.165462,0.037909
song653.wav,0.166893,0.035763
song654.wav,0.173092,0.037909
song655.wav,0.196695,0.036955
song656.wav,0.167131,0.038147
song657.wav,0.164747,0.037193
song658.wav,0.165462,0.037193
song659.wav,0.196457,0.036955
song65.wav,0.168085,0.036716
song660.wav,0.165939,0.035286
song661.wav,0.165462,0.036240
song662.wav,0.168562,0.037432
song663.wav,0.165939,0.037909
song664.wav,0.172853,0.037670
song665.wav,0.168085,0.036240
song666.wav,0.164986,0.037432
song667.wav,0.167131,0.037670
song668.wav,0.164747,0.037909
song669.wav,0.174761,0.036716
song66.wav,0.164986,0.036240
song670.wav,0.167370,0.036955
song671.wav,0.200033,0.036478
song672.wav,0.167608,0.038385
song673.wav,0.172853,0.037670
song674.wav,0.165939,0.036716
song675.wav,0.169039,0.037432
song676.wav,0.166416,0.038624
song677.wav,0.164986,0.036001
song678.wav,0.165939,0.036955
song679.wav,0.164270,0.037432
song67.wav,0.167131,0.036478
song680.wav,0.166416,0.037909
song681.wav,0.165224,0.037670
song682.wav,0.166416,0.037432
song683.wav,0.176430,0.038385
song684.wav,0.166416,0.036478
song685.wav,0.165939,0.037670
song686.wav,0.167131,0.036955
song687.wav,0.165462,0.037193
song688.wav,0.175953,0.037432
song689.wav,0.169516,0.037670
song68.wav,0.166893,0.037670
song690.wav,0.165224,0.037670
song691.wav,0.169039,0.037670
song692.wav,0.165939,0.037193
song693.wav,0.164032,0.036001
song694.wav,0.166178,0.035763
song695.wav,0.165701,0.036955
song696.wav,0.170231,0.037432
song697.wav,0.164986,0.037193
song698.wav,0.171900,0.036001
song699.wav,0.165939,0.036240
song69.wav,0.166416,0.039816
song6.wav,0.166178,0.037670
song700.wav,0.166178,0.036716
song701.wav,0.171661,0.036478
song702.wav,0.165462,0.037909
song703.wav,0.169516,0.036955
song704.wav,0.167131,0.036240
song705.wav,0.165462,0.036716
song706.wav,0.165462,0.037909
song707.wav,0.165701,0.041008
song708.wav,0.166178,0.037909
song709.wav,0.164986,0.037909
song70.wav,0.164509,0.037670
song710.wav,0.168085,0.036955
song711.wav,0.167131,0.036716
song712.wav,0.166893,0.037909
song713.wav,0.167370,0.036716
song714.wav,0.165462,0.036716
song715.wav,0.165939,0.036716
song716.wav,0.168085,0.036001
song717.wav,0.165224,0.037432
song718.wav,0.164270,0.036955
song719.wav,0.165224,0.037909
song71.wav,0.169277,0.037432
song720.wav,0.166178,0.037909
song721.wav,0.164747,0.037432
song722.wav,0.173092,0.037670
song723.wav,0.165462,0.037193
song724.wav,0.170231,0.037432
song725.wav,0.166416,0.036955
song726.wav,0.164986,0.036955
song727.wav,0.175476,0.037193
song728.wav,0.168800,0.036716
song729.wav,0.166178,0.036955
song72.wav,0.165939,0.036716
song730.wav,0.164747,0.036716
song731.wav,0.165462,0.038147
song732.wav,0.169754,0.037193
song733.wav,0.164747,0.036955
song734.wav,0.166655,0.037432
song735.wav,0.164986,0.037909
song736.wav,0.166893,0.039577
song737.wav,0.174046,0.037193
song738.wav,0.164986,0.036955
song739.wav,0.167370,0.037670
song73.wav,0.167608,0.037432
song740.wav,0.168324,0.038147
song741.wav,0.174284,0.036716
song742.wav,0.164986,0.037670
song743.wav,0.166416,0.037193
song744.wav,0.165462,0.040770
song745.wav,0.166178,0.037193
song746.wav,0.165462,0.035524
song747.wav,0.166416,0.037193
song748.wav,0.167370,0.036478
song749.wav,0.166416,0.037193
song74.wav,0.164986,0.037909
song750.wav,0.166893,0.036478
song751.wav,0.172138,0.037670
song752.wav,0.166655,0.037909
song753.wav,0.166178,0.036955
song754.wav,0.165462,0.036240
song755.wav,0.167847,0.036478
song756.wav,0.173807,0.036478
song757.wav,0.165939,0.037193
song758.wav,0.165224,0.037193
song759.wav,0.165701,0.037432
song75.wav,0.165701,0.035286
song760.wav,0.165701,0.036240
song761.wav,0.167847,0.037432
song762.wav,0.164509,0.036955
song763.wav,0.166178,0.037193
song764.wav,0.164986,0.037193
song765.wav,0.167608,0.036955
song766.wav,0.174999,0.037670
song767.wav,0.165939,0.036716
song768.wav,0.164986,0.036955
song769.wav,0.165939,0.035763
song76.wav,0.169992,0.037432
song770.wav,0.171900,0.037432
song771.wav,0.167370,0.037670
song772.wav,0.164747,0.036955
song773.wav,0.163794,0.039339
song774.wav,0.166178,0.036716
song775.wav,0.164986,0.037670
song776.wav,0.165462,0.036001
song777.wav,0.164986,0.036478
song778.wav,0.167370,0.037670
song779.wav,0.165701,0.037670
song77.wav,0.166893,0.038862
song780.wav,0.164747,0.037432
song781.wav,0.164747,0.040531
song782.wav,0.166893,0.036955
song783.wav,0.164747,0.037193
song784.wav,0.167608,0.038385
song785.wav,0.168562,0.036001
song786.wav,0.168085,0.036478
song787.wav,0.164747,0.037670
song788.wav,0.166655,0.037909
song789.wav,0.166416,0.036955
song78.wav,0.164270,0.036478
song790.wav,0.164509,0.036716
song791.wav,0.171900,0.036478
song792.wav,0.165939,0.036716
song793.wav,0.164986,0.037670
song794.wav,0.168800,0.037193
song795.wav,0.165462,0.038147
song796.wav,0.172138,0.037432
song797.wav,0.166178,0.037432
song798.wav,0.165939,0.036955
song799.wav,0.168085,0.037670
song79.wav,0.162363,0.036716
song7.wav,0.166655,0.036716
song800.wav,0.165462,0.036001
song801.wav,0.169039,0.037432
song802.wav,0.165224,0.037909
song803.wav,0.167608,0.036955
song804.wav,0.165701,0.036716
song805.wav,0.173330,0.037193
song806.wav,0.169516,0.037193
song807.wav,0.164032,0.036240
song808.wav,0.164032,0.036478
song809.wav,0.164270,0.037670
song80.wav,0.171900,0.039339
song810.wav,0.165224,0.036478
song811.wav,0.163317,0.036955
song812.wav,0.164747,0.037909
song813.wav,0.168085,0.036716
song814.wav,0.165939,0.036240
song815.wav,0.165224,0.037432
song816.wav,0.165939,0.037909
song817.wav,0.166893,0.036955
song818.wav,0.166655,0.039577
song819.wav,0.166416,0.037193
song81.wav,0.174999,0.037432
song820.wav,0.166893,0.037670
song821.wav,0.164747,0.036716
song822.wav,0.167131,0.036716
song823.wav,0.169039,0.037193
song824.wav,0.173092,0.035763
song825.wav,0.166893,0.037909
song826.wav,0.167131,0.036001
song827.wav,0.164747,0.037670
song828.wav,0.167131,0.037670
song829.wav,0.166178,0.036240
song82.wav,0.164270,0.036478
song830.wav,0.168562,0.037193
song831.wav,0.166893,0.037193
song832.wav,0.165462,0.037670
song833.wav,0.164986,0.037193
song834.wav,0.173330,0.037193
song835.wav,0.167131,0.036955
song836.wav,0.167847,0.037193
song837.wav,0.167608,0.035763
song838.wav,0.165224,0.036716
song839.wav,0.175238,0.036240
song83.wav,0.168324,0.037432
song840.wav,0.164986,0.036955
song841.wav,0.166178,0.036478
song842.wav,0.165224,0.036716
song843.wav,0.169039,0.037193
song844.wav,0.167131,0.036001
song845.wav,0.166416,0.037432
song846.wav,0.164986,0.036955
song847.wav,0.169277,0.037193
song848.wav,0.168324,0.037909
song849.wav,0.166416,0.037193
song84.wav,0.164270,0.037432
song850.wav,0.166893,0.037909
song851.wav,0.168324,0.037909
song852.wav,0.164986,0.037909
song853.wav,0.164986,0.037909
song854.wav,0.166655,0.037193
song855.wav,0.166416,0.039577
song856.wav,0.167131,0.037909
song857.wav,0.165939,0.037432
song858.wav,0.164747,0.036955
song859.wav,0.166893,0.036955
song85.wav,0.175953,0.038147
song860.wav,0.164986,0.037670
song861.wav,0.165224,0.038147
song862.wav,0.166416,0.036001
song863.wav,0.166893,0.038385
song864.wav,0.185251,0.036955
song865.wav,0.165462,0.035524
song866.wav,0.164747,0.035763
song867.wav,0.165462,0.036716
song868.wav,0.170469,0.036955
song869.wav,0.169516,0.036955
song86.wav,0.166178,0.037432
song870.wav,0.164032,0.037670
song871.wav,0.162840,0.038624
song872.wav,0.166893,0.038147
song873.wav,0.166416,0.038147
song874.wav,0.171423,0.036240
song875.wav,0.164270,0.037909
song876.wav,0.197172,0.038147
song877.wav,0.165939,0.036955
song878.wav,0.164986,0.037193
song879.wav,0.172615,0.037909
song87.wav,0.163794,0.057459
song880.wav,0.165939,0.036478
song881.wav,0.165939,0.037432
song882.wav,0.165462,0.037432
song883.wav,0.173569,0.037432
song884.wav,0.167131,0.036955
song885.wav,0.164270,0.037432
song886.wav,0.165224,0.038147
song887.wav,0.167131,0.038385
song888.wav,0.166416,0.036955
song889.wav,0.166893,0.037670
song88.wav,0.163555,0.036716
song890.wav,0.164509,0.036478
song891.wav,0.166178,0.036716
song892.wav,0.169039,0.037670
song893.wav,0.171900,0.037193
song894.wav,0.166655,0.036955
song895.wav,0.165224,0.037193
song896.wav,0.167370,0.039577
song897.wav,0.165939,0.036716
song898.wav,0.170708,0.037193
song899.wav,0.165224,0.037670
song89.wav,0.166655,0.036478
song8.wav,0.221968,0.038147
song90.wav,0.256777,0.036240
song91.wav,0.175714,0.037432
song92.wav,0.165939,0.036001
song93.wav,0.213385,0.037670
song94.wav,0.166893,0.037432
song95.wav,0.166178,0.036240
song96.wav,0.172138,0.036716
song97.wav,0.167131,0.036955
song98.wav,0.167131,0.037670
song99.wav,0.166655,0.036240
song9.wav,0.166655,0.037909
